,Text,Author,Created at,Retweet count,Favorite count,Location,Follower count
0,"RT @DIEBO37: Tesla Shows Off Its Brand New AI-Training Supercomputer
#Tesla #AI #ArtificialIntelligence #SuperComputer #ùíüùíæùëíùí∑ùí™37 
https://t.‚Ä¶",37DIEBO,2021-06-23 01:17:42,35,0,Boston ,349
1,RT @ByeonChansoo: What #Tesla Model S Plaid does to a person $TSLA,HanChulYong,2021-06-23 01:16:15,1,0,Republic of Korea in Gimhae,319
2,Pawn Stars: Rick BLOWN AWAY by Nikola #TESLA POEM https://t.co/RYSkYKAMEP,rebjorn,2021-06-23 01:15:54,0,0,Norway,871
3,"RT @ClaireMusk: üö® Korean Backlash Against #Tesla's Design Defects: 
If S. Korea requires that car doors must be able to be opened in case o‚Ä¶",jme_rbt,2021-06-23 01:14:28,16,0,,247
4,RT @CryptoJebb: New infinite money glitch discovered- #Tesla buys $1.5 BILLION worth of Bitcoin!!!!!!!!!!!,cryptojebb__,2021-06-23 01:13:19,9,0,,11434
5,"@ChefGruel People don't want to work, but receive a $2k government universal income check and it's a‚Ä¶ https://t.co/ESHB8ZeMTQ",Razizpod,2021-06-23 01:10:37,0,0,The Internet ,232
6,"RT @pauljamil: Just took delivery of the first Model S Plaid in Virginia. I‚Äôve owned lambos, ferraris, and mclarens, and I‚Äôve NEVER felt an‚Ä¶",Nicolehq1s3,2021-06-23 01:09:06,507,0,,0
7,"RT @socialnowpr: $CLSH Achieves Monumental https://t.co/k4QKL3vs4O 
#LasVagas #cannabis #marijuana #CBD #wsj #nytimes #business #reuters #I‚Ä¶",AppleRetweetBot,2021-06-23 01:07:53,1,0,,374
8,"RT @BenevidesBianka: üö® COUNTDOWN: 4 DAYS TO #DUCKDAY üö®

I'm accumulating #lunes, what about you? ‚åõ

#lunes #btc #eth #crypto #doge #tesla #‚Ä¶",RAhogbo,2021-06-23 01:06:50,37,0,,8
9,"RT @pauljamil: Just took delivery of the first Model S Plaid in Virginia. I‚Äôve owned lambos, ferraris, and mclarens, and I‚Äôve NEVER felt an‚Ä¶",Linda0yg,2021-06-23 01:05:43,507,0,,0
10,"InsideEVs : Watch How Quick The #Tesla #ModelSPlaid S Plaid Truly Is.
https://t.co/9DSKnmEwQF

via @GoogleNews",jjvors,2021-06-23 01:04:46,0,0,Peoria IL,6148
11,"RT @CumBlastBsc: Time For Cumblasting Is Approaching!!!üí¶üí¶üí¶
One Lucky Cumblaster will be selected for the @Tesla #giveaway on June 23 at 5 p‚Ä¶",RameezAhamed19,2021-06-23 01:04:12,12,0,,11
12,"$CLSH Achieves Monumental https://t.co/k4QKL3vs4O 
#LasVagas #cannabis #marijuana #CBD #wsj #nytimes #business‚Ä¶ https://t.co/JrjzWMZGhP",socialnowpr,2021-06-23 01:04:01,1,1,USA,993
13,Fuck #Tesla buy #Bitcoin,lifeonchain,2021-06-23 01:03:44,0,0,"Los Angeles, CA",3
14,"#dogecoin price one year ago today 

$.0025 / $100.00 US = 40000 doge   June 22/2020 

$.19   /   $100.00 US = 526‚Ä¶ https://t.co/ceeMJv0IHd",Comm3ntT,2021-06-23 01:01:59,0,1,Moon,9
15,"Currently, 1 $DOGE = $0.192360.

At this rate, a #Tesla #Cybertruck costs:
‚Ä¢ Single Motor RWD: 207,424 ∆â
‚Ä¢ Dual Mot‚Ä¶ https://t.co/f1x9XT6zxC",dogecoin4tesla,2021-06-23 01:01:45,0,1,The Moon,867
16,"RT @doubleHHedgeDD: #Jerome #Powell Reverse Repo $791.6BN, up from $765BN. Fast approaching $1 trillion #fed doesn‚Äôt realize their ENTIRE B‚Ä¶",alexcoghlan23,2021-06-23 00:59:17,1,0,,413
17,üòÇüòÇüòÇ the best thing I‚Äôve seen all day! #Tesla @elonmusk #plaid $TSLA https://t.co/DeFDfutvol,Bbyonic_,2021-06-23 00:58:59,0,0,Canada,41
18,"Tesla - Better, Faster, Stronger https://t.co/5Y8bxZ5hNZ via @YouTube Swedish Jimmy produced this pretty cool Faux‚Ä¶ https://t.co/xEFiVF7NR3",peter_helander,2021-06-23 00:57:57,0,0,,3
19,"InsideEVs : #Tesla #ModelSPlaid S Plaid Fast Charging Results Amaze: Analysis.
https://t.co/d5xI6ZlWEl

via @GoogleNews",jjvors,2021-06-23 00:56:33,0,0,Peoria IL,6148
20,"RT @CarbideBurr: We appreciate what everything SpaceX has done for space exploration

#spacex #nasa #space #elonmusk #science #astronomy #m‚Ä¶",godfrey_G_,2021-06-23 00:56:32,1,0,"Johannesburg, South Africa",2425
21,"RT @muhammetmubare3: @elonmusk  Elon is very patient and that's why he has always been a winner, whether it's Tesla or Spacex, he has alway‚Ä¶",godfrey_G_,2021-06-23 00:56:24,2,0,"Johannesburg, South Africa",2425
22,"Day 245 of posting dogs in sweaters until @MrBeastYT gives me a @Tesla

#mrbeast #Tesla #sweaterdogsfortesla #dogs‚Ä¶ https://t.co/fb03SH6FNW",dogsfor_tesla,2021-06-23 00:56:02,0,2,,4
23,"RT @skyfatih1: So cute üòÇ
#Elonmusk #Tesla #SpaceX https://t.co/qBlwwDgZUE",godfrey_G_,2021-06-23 00:55:36,1,0,"Johannesburg, South Africa",2425
24,Welcome home ü•¥ @WholeMarsBlog @elonmusk @GerberKawasaki @SawyerMerritt #model3 #tesla $tsla https://t.co/VlDG2h3Ign,windyCityJump23,2021-06-23 00:53:48,0,2,,37
25,@elonmusk @Teslarati @TeslaMotorsClub @Tesla 2017 Model S 100D battery failure from this ‚Äúdamage‚Äù.   PLASTIC piece‚Ä¶ https://t.co/59R6bpNVce,BurgersCustard,2021-06-23 00:51:46,0,0,,20
26,Day 1 of bothering @elonmusk  Inot getting me a #Tesla üôèüèºüôèüèº,kingdededee9,2021-06-23 00:50:49,0,0,"Virginia Beach, VA",6
27,@100eyesCrypto Looks like #tesla,_AriesFinancial,2021-06-23 00:48:26,0,0,Singapore,3129
28,"RT @CryptoJebb: Bubble. #Tesla. Love the car, Love the man, HUGELY overvalued. https://t.co/llMWI08ofq",cryptojebb__,2021-06-23 00:47:44,3,0,,11434
29,@OTC_Bitcoin That look another #Tesla,rrop098,2021-06-23 00:46:37,0,0,"Jeju-do, Republic of Korea",4
30,"RT @DeFiNames: https://t.co/H4svBfftZK is on sale.! @Afternic 
#programmer #DEVCommunity #startup #agency #Bitcoin #Cryptocurrency #Domains‚Ä¶",TheSecretJunio1,2021-06-23 00:43:23,3,0,,2175
31,"RT @DeFiNames: https://t.co/H4svBfftZK is on sale.! @Afternic 
#programmer #DEVCommunity #startup #agency #Bitcoin #Cryptocurrency #Domains‚Ä¶",TheSecretJunio1,2021-06-23 00:43:23,3,0,,2175
32,Electric Vehicles: What Is Really Stopping Them from Becoming https://t.co/UoxaAXVuvb #electriccars #electricvehicles #environment #tesla,the_detechtor,2021-06-23 00:43:16,0,0,Internet,146
33,"RT @anasalhajji: Bitcoin price crash is weighing on Tesla's stock: analyst 
#Tesla #Bitcoin $tsla

https://t.co/NnzN9fb80T",euentgunn,2021-06-23 00:42:10,2,0,,555
34,"RT @TysonLester: It's exciting to watch this rising star in the #ElectricVehicle market excel.

At https://t.co/SHZFraVpkl, we believe the‚Ä¶",alexis_tth,2021-06-23 00:41:34,10,0,,585
35,"RT @qilipqop: Confrontation: the beginning.
Starring: @elonmusk, @dogecoin, @VitalikButerin, @ethereum, @Bitcoin and others.
The full 8K ve‚Ä¶",nft_artist1,2021-06-23 00:37:29,4,0,,2844
36,"RT @anasalhajji: Bitcoin price crash is weighing on Tesla's stock: analyst 
#Tesla #Bitcoin $tsla

https://t.co/NnzN9fb80T",JCOviedo6,2021-06-23 00:37:26,2,0,,5830
37,"RT @qilipqop: Confrontation: the beginning.
Starring: @elonmusk, @dogecoin, @VitalikButerin, @ethereum, @Bitcoin and others.
The full 8K ve‚Ä¶",godfrey_G_,2021-06-23 00:37:21,4,0,"Johannesburg, South Africa",2425
38,"RT @DeFiNames: https://t.co/H4svBfftZK is on sale.! @Afternic 
#programmer #DEVCommunity #startup #agency #Bitcoin #Cryptocurrency #Domains‚Ä¶",theDomainBot,2021-06-23 00:37:05,3,0,,666
39,"#Tesla #ArtificialIntelligence #AI Day to take place in about a month, #ElonMusk says https://t.co/6prqiEpYqv @RiskCentre",SaeedBaygi,2021-06-23 00:37:03,0,0,Global,14162
40,RT @DiavoloMartin: #this is the way? #doge #dogecoin #ElonMusk @dogecoin @elonmusk #Tesla @Tesla #cryptocurrency #pic #picturethis https://‚Ä¶,parrita221,2021-06-23 00:37:01,173,0,,32
41,"https://t.co/H4svBfftZK is on sale.! @Afternic 
#programmer #DEVCommunity #startup #agency #Bitcoin #Cryptocurrency‚Ä¶ https://t.co/pew5PMaHUd",DeFiNames,2021-06-23 00:37:00,3,0,888.house,110
42,"#dogecoin happy whale 50% off crypto holiday sale üöÄ
'don't be scared I am not scary I just wanted to be HODL

$AMC‚Ä¶ https://t.co/2ciaqgtOOu",Comm3ntT,2021-06-23 00:36:57,0,2,Moon,9
43,RT @DiavoloMartin: #this is the way? #doge #dogecoin #ElonMusk @dogecoin @elonmusk #Tesla @Tesla #cryptocurrency #pic #picturethis https://‚Ä¶,nzzz69043726,2021-06-23 00:36:19,173,0,,6
44,RT @5stocksinto: 5 Chinese Stocks Into Lithium Batteries https://t.co/xIpWO9ErRd #Lithium #Stocks #Investment #Cobalt #Battery #Technology‚Ä¶,5stocksinto,2021-06-23 00:34:42,12,0,WorldWide,1295
45,"RT @RhelliH: TO THE MOON üöÄüöÄüöÄ
#DogeFather 
#Elonmusk 
#Tesla 
#dogearmy 
#dream 
#moon 
#SpaceX 
#Bitcoin 
#MattWallace888
#dogecoin https:/‚Ä¶",godfrey_G_,2021-06-23 00:34:00,1,0,"Johannesburg, South Africa",2425
46,"RT @CumBlastBsc: Time For Cumblasting Is Approaching!!!üí¶üí¶üí¶
One Lucky Cumblaster will be selected for the @Tesla #giveaway on June 23 at 5 p‚Ä¶",red_btw,2021-06-23 00:32:28,12,0,,4
47,"$BTC 
Elon Musk's plot.ü§î

#BTC 
#BITCOIN 
#Elonmusk
#TESLA
#Èô∞Ë¨ÄË™¨ https://t.co/VmpK3ZzGxL",namucoin,2021-06-23 00:30:49,0,1,Áü•Â§öÂçäÂ≥∂,101
48,"$TSLA winnings of initial #BTC investmentüôå

$-99857186 (-7.4 %) (Realized: 272 M)
(Estimating an average buy price‚Ä¶ https://t.co/Adrb6hnnMQ",MBrae3,2021-06-23 00:30:05,0,0,,1263
49,"RT @TeslaNY: Model S Plaid Fund (6/21/21): ‚ÄúWe‚Äôve already bought it, it‚Äôs on order, we should get it in 2 weeks.‚Äù üèé‚ö°Ô∏èüîå https://t.co/puqyVGa‚Ä¶",michaelbenson,2021-06-23 00:28:42,52,0,"Santo Domingo, DR",172
50,@SFist @elonmusk  Now we‚Äôre in a drought and we thought #Tesla was helping the environment. Time to shutdown shop a‚Ä¶ https://t.co/jLVGTnotff,twitsofshame,2021-06-23 00:26:33,0,0,,48
51,"RT @superchargefeed: #tesla #supercharger in Bemidji, MN, USA is under construction with 8 stalls (250 kW) https://t.co/wtZlc20wjG",joe_minaj,2021-06-23 00:25:11,4,0,"Minneapolis, Minnesota",270
52,"RT @TysonLester: It's exciting to watch this rising star in the #ElectricVehicle market excel.

At https://t.co/SHZFraVpkl, we believe the‚Ä¶",SustainTrends,2021-06-23 00:24:09,10,0,,6163
53,"RT @CumBlastBsc: Time For Cumblasting Is Approaching!!!üí¶üí¶üí¶
One Lucky Cumblaster will be selected for the @Tesla #giveaway on June 23 at 5 p‚Ä¶",Godwin51222209,2021-06-23 00:20:53,12,0,,8
54,"RT @Teslaconomics: I remember when many would show off their lambos and luxuries watches, but I was never into that bc I knew through inves‚Ä¶",natthanrodri,2021-06-23 00:18:47,6,0,,161
55,"RT @pauljamil: Just took delivery of the first Model S Plaid in Virginia. I‚Äôve owned lambos, ferraris, and mclarens, and I‚Äôve NEVER felt an‚Ä¶",Jayse6n2,2021-06-23 00:16:51,507,0,,0
56,"Lynn Miller, Former Deputy General Counsel at #Tesla $TSLA, Joins Executive Team of Autonomous Trucking #technology‚Ä¶ https://t.co/plNmEPFaH2",Stock_Market_Pr,2021-06-23 00:13:09,0,1,,25369
57,"@HalifaxAuthor @UniPicturesCAN Im waiting for number 10 when they finally put a real car in the movie.
#Tesla",TheJewbyrd7777,2021-06-23 00:10:40,0,0,Type Zero,657
58,RT @alvinfoo: Dubai Airport full of #Tesla https://t.co/EHsJOhIZv3,SeymourButts73,2021-06-23 00:10:31,47,0,,552
59,"RT @pauljamil: Just took delivery of the first Model S Plaid in Virginia. I‚Äôve owned lambos, ferraris, and mclarens, and I‚Äôve NEVER felt an‚Ä¶",luigirubio,2021-06-23 00:10:22,507,0,"Hawaii, USA",388
60,@UniPicturesCAN Let me know when you guys make a movie about cars and you include actual real fast cars that can ow‚Ä¶ https://t.co/ygDkXyJlWv,TheJewbyrd7777,2021-06-23 00:10:01,0,0,Type Zero,657
61,RT @alvinfoo: Dubai Airport full of #Tesla https://t.co/EHsJOhIZv3,alvinfoo,2021-06-23 00:09:50,47,0,china,69442
62,RT @5stocksinto: 5 Chinese Stocks Into EV Charging Stations https://t.co/iQZzd3Lyr8 #China #Technology #Stocks #Investing #ElectricVehicles‚Ä¶,PythonExpertBot,2021-06-23 00:08:56,14,0,127.0.0.1,1311
63,"RT @Teslaconomics: This will help fuck up the shorts &amp; FUD. üî• 

$TSLA #Tesla

 https://t.co/mZZ2D9UcKf",BitcoinUniv3RS3,2021-06-23 00:08:56,140,0,BitcoinUniverse,34
64,RT @5stocksinto: 5 Chinese Stocks Into EV Charging Stations https://t.co/iQZzd3Lyr8 #China #Technology #Stocks #Investing #ElectricVehicles‚Ä¶,5stocksinto,2021-06-23 00:08:42,14,0,WorldWide,1295
65,"RT @RoseLeoMusk: Alset International and #Tesla  to deliver its first 20 eco-friendly homes #Ehomes in the Houston area of Texas.
Congratul‚Ä¶",marieluciesecr1,2021-06-23 00:04:31,1,0,"Palos Verdes Estates, CA",241
66,"RT @CumBlastBsc: Time For Cumblasting Is Approaching!!!üí¶üí¶üí¶
One Lucky Cumblaster will be selected for the @Tesla #giveaway on June 23 at 5 p‚Ä¶",jenna_crypto,2021-06-23 00:01:12,12,0,,44
67,"Bitcoin price crash is weighing on Tesla's stock: analyst 
#Tesla #Bitcoin $tsla

https://t.co/NnzN9fb80T",anasalhajji,2021-06-23 00:00:32,2,8,"Dallas, USA",74751
68,"RT @WevolverApp: Delivery Robots Help Ann Arbor Restaurants Weather COVID

https://t.co/PifZnvtupV

Image/video credits: @UMengineering 

#‚Ä¶",LearnRobot,2021-06-23 00:00:29,2,0,planet Earth,939
69,"RT @WevolverApp: Delivery Robots Help Ann Arbor Restaurants Weather COVID

https://t.co/PifZnvtupV

Image/video credits: @UMengineering 

#‚Ä¶",RobotConsumer,2021-06-23 00:00:18,2,0,,3177
70,"@TeslaJoy teases us with the new Model S Plaid ü§§

#Tesla #ModelS #Plaid #EVTV
https://t.co/1Tw8TTzLR5",evannex_com,2021-06-23 00:00:10,0,1,"Deerfield Beach, FL",15874
71,RT @DiavoloMartin: #this is the way? #doge #dogecoin #ElonMusk @dogecoin @elonmusk #Tesla @Tesla #cryptocurrency #pic #picturethis https://‚Ä¶,elithway2021,2021-06-22 23:59:05,173,0,,2
72,"Tesla‚Äôs Bitcoin Bet Is Going Bad. Here‚Äôs How Much It Could Lose. 
#Tesla #Bitcoin $tsla $bc

https://t.co/yZWV9Vgq7q",anasalhajji,2021-06-22 23:58:38,1,7,"Dallas, USA",74751
73,"Delivery Robots Help Ann Arbor Restaurants Weather COVID

https://t.co/PifZnvtupV

Image/video credits:‚Ä¶ https://t.co/hW9CJZz035",WevolverApp,2021-06-22 23:58:07,2,4,Amsterdam,17099
74,"Alset International and #Tesla  to deliver its first 20 eco-friendly homes #Ehomes in the Houston area of Texas.
Co‚Ä¶ https://t.co/k0rYEJzg75",RoseLeoMusk,2021-06-22 23:54:24,1,6,EÃ¨Ã¶Ã´ÕîÃôÃóÕïÕ¢lÃÆÃûÕüonÃπÃπÃûÃòÕïÃò ‡∏™‡πâ‡πâ‡πâ‡πâ‡πâ‡πâ,2428
75,"RT @joemeeks2003: #dogecoin #DiamondHands üíéüôå
#SpaceX adoption 
#Tesla adoption 
#ProfessionalSport adoption
#Retail adoption
#Robinhood wal‚Ä¶",joemeeks2003,2021-06-22 23:52:54,4,0,,427
76,"RT @Paula_Piccard: #Tesla unveils its new supercomputer (5th most powerful in the world) to train self-driving AI

https://t.co/SWM4jo35EC‚Ä¶",codedailybot,2021-06-22 23:50:26,41,0,#codedaily,11520
77,"RT @Paula_Piccard: #Tesla unveils its new supercomputer (5th most powerful in the world) to train self-driving AI

https://t.co/SWM4jo35EC‚Ä¶",codedailybot,2021-06-22 23:50:26,41,0,#codedaily,11520
78,"RT @Paula_Piccard: #Tesla unveils its new supercomputer (5th most powerful in the world) to train self-driving AI

https://t.co/SWM4jo35EC‚Ä¶",codedailybot,2021-06-22 23:50:26,41,0,#codedaily,11520
79,"RT @Teslaconomics: Life is too short to worry about the bitty bitty details to save that extra cent. 

Invest to free yourself baby. ‚ù§Ô∏è 

$‚Ä¶",Bariz101323,2021-06-22 23:49:32,3,0,"Los Angeles, CA",15
80,"RT @Paula_Piccard: #Tesla unveils its new supercomputer (5th most powerful in the world) to train self-driving AI

https://t.co/SWM4jo35EC‚Ä¶",TheCuriousLuke,2021-06-22 23:48:04,41,0,Switzerland,6371
81,"RT @Paula_Piccard: #Tesla unveils its new supercomputer (5th most powerful in the world) to train self-driving AI

https://t.co/SWM4jo35EC‚Ä¶",xaelbot,2021-06-22 23:48:00,41,0,Earth,4786
82,"Have You Eaten Your 2 Shoes So Far, @ValueAnalyst1? 
You've told your followers &amp; Patreons to buy/hold $TSLA based‚Ä¶ https://t.co/uYxEFNbuZ5",ClaireMusk,2021-06-22 23:47:59,0,27,,1721
83,"RT @Paula_Piccard: #Tesla unveils its new supercomputer (5th most powerful in the world) to train self-driving AI

https://t.co/SWM4jo35EC‚Ä¶",CoderRetweet,2021-06-22 23:47:59,41,0,Europe,2588
84,"The first EV on my neighborhood in San Jose, Costa Rica is a #Tesla #models (2012). ! https://t.co/NfwEJTAck5",vincenzobarri71,2021-06-22 23:46:05,0,0,"Earth ,Solar System, Milky Way",170
85,"RT @TeslaNY: Model S Plaid Fund (6/21/21): ‚ÄúWe‚Äôve already bought it, it‚Äôs on order, we should get it in 2 weeks.‚Äù üèé‚ö°Ô∏èüîå https://t.co/puqyVGa‚Ä¶",TeslaGong,2021-06-22 23:45:57,52,0,"Wollongong, New South Wales",6047
86,"Will the C8 Corvette Platform Ever Put Out Tesla Model S Plaid Numbers? 

https://t.co/Z3fRHAOsDR  $tsla $gm #tesla‚Ä¶ https://t.co/BSW2Jb9jcC",c8corvetteblog,2021-06-22 23:43:50,0,0,Online,199
87,"RT @pauljamil: Just took delivery of the first Model S Plaid in Virginia. I‚Äôve owned lambos, ferraris, and mclarens, and I‚Äôve NEVER felt an‚Ä¶",dannpasia,2021-06-22 23:43:03,507,0,"Batangas City, Philippines",99
88,#Delta #China #Kane #Trump #Bitcoin #Germany #GERHUN #Tesla #arsenal #naruto #btsdiamond #modric #BamBamXSeulgi_zip‚Ä¶ https://t.co/4X3dETieic,Albertbaron7,2021-06-22 23:42:37,0,0,,132
89,"Stray Doge Token Official Website Launch on July 4th
Join us on Twitter for more exciting news!!
#Bitcoin‚Ä¶ https://t.co/Om7T7ivC0R",StrayDoge_tkn,2021-06-22 23:42:13,0,1,Crypto Space,19
90,"RT @blakestorie: @elonmusk @Tesla @dogecoin @SpaceX 
Look what I found! Crypto Legends : @ElonMusk collectible https://t.co/5u9NcpUBPr? #ra‚Ä¶",GimmeDeezy,2021-06-22 23:41:31,2,0,STAY+,1021
91,@BahamaBen9 $TSLA will be in new markets in 2025 that no one has even thought of yet. Innovation leads to more inno‚Ä¶ https://t.co/dHaqoAzCvS,ArstasticWorld,2021-06-22 23:40:59,0,1,San Francisco,49
92,"RT @pauljamil: Just took delivery of the first Model S Plaid in Virginia. I‚Äôve owned lambos, ferraris, and mclarens, and I‚Äôve NEVER felt an‚Ä¶",BentlyRohan,2021-06-22 23:40:49,507,0,,0
93,"RT @CumBlastBsc: Time For Cumblasting Is Approaching!!!üí¶üí¶üí¶
One Lucky Cumblaster will be selected for the @Tesla #giveaway on June 23 at 5 p‚Ä¶",sPikE___,2021-06-22 23:40:30,12,0,,34
94,"RT @blakestorie: @elonmusk @Tesla @dogecoin @SpaceX 
Look what I found! Crypto Legends : @ElonMusk collectible https://t.co/5u9NcpUBPr? #ra‚Ä¶",SauerMila,2021-06-22 23:40:30,2,0,MUNICH,1442
95,"@elonmusk @Tesla @dogecoin @SpaceX 
Look what I found! Crypto Legends : @ElonMusk collectible‚Ä¶ https://t.co/s8YLpUjJNa",blakestorie,2021-06-22 23:40:28,2,2,Global,1115
96,"RT @pauljamil: Just took delivery of the first Model S Plaid in Virginia. I‚Äôve owned lambos, ferraris, and mclarens, and I‚Äôve NEVER felt an‚Ä¶",Iivingmemorv,2021-06-22 23:39:20,507,0,,0
97,"RT @farboot1003: Day 01/365 for my inspiration to see this video @elonmusk üòÑ 

#Elonmusk 
#Tesla 
#SpaceX https://t.co/ZkGMpAhIat",godfrey_G_,2021-06-22 23:38:19,1,0,"Johannesburg, South Africa",2425
98,"RT @PugTyrone: #Bitcoin next move?

#btc #ethereum #eth #doge #shib #safemoon #xrp #xlm #SIACOIN #etc #ada #Cardano #filecoin #link #Chainl‚Ä¶",siacoininvestin,2021-06-22 23:37:45,4,0,,90
99,"TO THE MOON üöÄüöÄüöÄ
#DogeFather 
#Elonmusk 
#Tesla 
#dogearmy 
#dream 
#moon 
#SpaceX 
#Bitcoin 
#MattWallace888‚Ä¶ https://t.co/ddDG4Ucm4l",RhelliH,2021-06-22 23:37:05,1,3,,88
100,"@elonmusk here's an idea. Since Teslas are basically computers on wheels, why not have them mine some form of crypt‚Ä¶ https://t.co/cwVMAFAk6h",pcifarelli,2021-06-22 23:36:45,0,0,"Round Rock, TX",90
101,"RT @pauljamil: Just took delivery of the first Model S Plaid in Virginia. I‚Äôve owned lambos, ferraris, and mclarens, and I‚Äôve NEVER felt an‚Ä¶",Aubrie5t8b,2021-06-22 23:36:42,507,0,,0
102,"@CumBlastBsc @elonmusk @Tesla good projectÔºÅ
I've been in many projects but none match this. The dev behind CumBlast‚Ä¶ https://t.co/5ekW64q5I1",apy_swap,2021-06-22 23:36:16,0,0,,21
103,"RT @CumBlastBsc: Time For Cumblasting Is Approaching!!!üí¶üí¶üí¶
One Lucky Cumblaster will be selected for the @Tesla #giveaway on June 23 at 5 p‚Ä¶",DarshSinghhoge,2021-06-22 23:34:41,12,0,,109
104,RT @nigewillson: Tesla unveils its new supercomputer (5th most powerful in the world) to train self-driving Artificial Intelligence https:/‚Ä¶,yoselino,2021-06-22 23:34:35,25,0,"Jakarta Capital Region, Indone",173
105,"@realMeetKevin please reduce the nu@bee of videos, there are less and less viewers #tesla #ark $arkk $arkg $arkw https://t.co/mQiEZYFmRD",FixedGuru,2021-06-22 23:34:00,0,0,United States,127
106,RT @EvanKirstel: #Tesla's 'Dojo' #supercomputer will train its vision-centric #autonomous tech https://t.co/UvRZdD7Acm #ai #deeplearning @t‚Ä¶,OpenMarketingTV,2021-06-22 23:32:17,17,0,Amsterdam,18762
107,"RT @DIEBO37: Tesla Shows Off Its Brand New AI-Training Supercomputer
#Tesla #AI #ArtificialIntelligence #SuperComputer #ùíüùíæùëíùí∑ùí™37 
https://t.‚Ä¶",DIEBO37RT2,2021-06-22 23:32:11,35,0,United States - Boston,759
108,"RT @pauljamil: Just took delivery of the first Model S Plaid in Virginia. I‚Äôve owned lambos, ferraris, and mclarens, and I‚Äôve NEVER felt an‚Ä¶",sanleviatan,2021-06-22 23:31:38,507,0,Hell ,47
109,"New #Tesla #Supercharger/#Store/#Service: Winchester, UK https://t.co/sTRZbFNXqc. Total: 2630  #bot https://t.co/qh3a08FKQm",teslaliving,2021-06-22 23:31:09,0,1,"Massachusetts, USA",35788
110,I just can't comprehend the anti Tesla sentiment people have sometimes. This is not the first time someone puts the‚Ä¶ https://t.co/xd5Idct6Ze,ShutTheFrnkDoor,2021-06-22 23:31:04,0,6,"Miami, FL",492
111,"$TSLA winnings of initial #BTC investmentüôå

$-102249386 (-7.57 %) (Realized: 272 M)
(Estimating an average buy pric‚Ä¶ https://t.co/ETOlPDxKWi",MBrae3,2021-06-22 23:30:05,0,2,,1263
112,#Tesla fastest car has a 'Drag Strip Mode' that lets you go from 0 to 60 miles per hour in under 2 seconds - but th‚Ä¶ https://t.co/LEnuRqdDM1,TapHopSeattle,2021-06-22 23:29:05,0,0,#Seattle and #Baltimore,365
113,@Lapaixlemonde @elonmusk Good luck with this Paul...massive plus for #Tesla if they have you on team.,paesean,2021-06-22 23:28:48,0,1,Toronto & Costa Rica,1932
114,"RT @ClaireMusk: üö® Korean Backlash Against #Tesla's Design Defects: 
If S. Korea requires that car doors must be able to be opened in case o‚Ä¶",AdvKiwi,2021-06-22 23:27:29,16,0,New Zealand ,148
115,"RT @CumBlastBsc: Time For Cumblasting Is Approaching!!!üí¶üí¶üí¶
One Lucky Cumblaster will be selected for the @Tesla #giveaway on June 23 at 5 p‚Ä¶",WidiadiHilman,2021-06-22 23:27:21,12,0,Indonesia,9
116,"RT @CumBlastBsc: Time For Cumblasting Is Approaching!!!üí¶üí¶üí¶
One Lucky Cumblaster will be selected for the @Tesla #giveaway on June 23 at 5 p‚Ä¶",Christi58428446,2021-06-22 23:27:01,12,0,,3
117,RT @ElJaguarVR: I want a Model X Plaid in pink with that sexy white interior üî• #CumRocket edition @CumRocketCrypto #CUMMIES #BinanceSmartCh‚Ä¶,Iain61108533,2021-06-22 23:25:47,1,0,,1
118,RT @ElJaguarVR: @elonmusk @karpathy I want a Model X Plaid in pink with that sexy white interior üî• #CumRocket @CumRocketCrypto #CUMMIES #Bi‚Ä¶,Iain61108533,2021-06-22 23:25:43,1,0,,1
119,"RT @techpearce2: #German minister in talks with #Tesla over sharing #supercharger #network - Reuters

@digitalcloudgal
@netthreatltd
@AswBa‚Ä¶",Exchange5g,2021-06-22 23:25:08,1,0,"New York, NY",3000
120,"In Focus: Lordstown Motors, We Wanted It So Bad | Why Investors Got It Wrong | https://t.co/e9bDMlhjWN |‚Ä¶ https://t.co/fLP6Wn7FfK",SevilleReport,2021-06-22 23:25:00,0,0,"New York, USA",206
121,"RT @Stephan9015: My list of new and upcoming #BEV (pure battery electric) vehicle models has now hit 500 and it will grow further. #EV, #VW‚Ä¶",LexBrow36686039,2021-06-22 23:24:39,18,0,"Adelaide, South Australia",195
122,"RT @Stephan9015: My list of new and upcoming #BEV (pure battery electric) vehicle models has now hit 500 and it will grow further. #EV, #VW‚Ä¶",StevenJHeaton,2021-06-22 23:22:41,18,0,"Central Coast, New South Wales",401
123,"If speak it into existence was a person‚Ä¶ I lie to you not, this kid has been asking for a red Tesla car for weeks!‚Ä¶ https://t.co/mWm1grOuja",LesleyMcclendon,2021-06-22 23:21:38,0,1,"Hampton, VA",763
124,RT @tim_zaman: At #Tesla  Autopilot we are bringing up our 3rd cluster - one of the biggest supercomputers in the world. We're scaling fast‚Ä¶,All_That_Ash601,2021-06-22 23:21:06,429,0,"Bossier City, Louisiana",290
125,RT @NickBalazs: @elonmusk now would be a fantastic time to announce @Tesla #dogecoin #ethereum acceptance! Giving the little guy an opportu‚Ä¶,_DiamondFingers,2021-06-22 23:20:34,14,0,"Austin, TX",427
126,"RT @pauljamil: Just took delivery of the first Model S Plaid in Virginia. I‚Äôve owned lambos, ferraris, and mclarens, and I‚Äôve NEVER felt an‚Ä¶",Madalynnpjr5h,2021-06-22 23:19:55,507,0,,0
127,"RT @pauljamil: Just took delivery of the first Model S Plaid in Virginia. I‚Äôve owned lambos, ferraris, and mclarens, and I‚Äôve NEVER felt an‚Ä¶",albanymay,2021-06-22 23:18:09,507,0,Venezuela,1039
128,RT @EvanKirstel: #Tesla's 'Dojo' #supercomputer will train its vision-centric #autonomous tech https://t.co/UvRZdD7Acm #ai #deeplearning @t‚Ä¶,ernieschell,2021-06-22 23:17:52,17,0,"Ventnor City, NJ - USA",12465
129,RT @JohnNosta: Elon Musk‚Äôs Wonder and Fear: The Duality of Innovation.  https://t.co/BEGjvKSGvJ #Tesla #innovation #technology @elonmusk  #‚Ä¶,moorehn,2021-06-22 23:15:43,49,0,"Here and there, hither and yon (NYC/Paris)heidi dot n dot moore at gmail dot com",104207
130,Check out 'Tesla Keynote Presentation' on #EnvatoMarket #graphicriver https://t.co/r7jstCpytz #tesla #keynote #presentation #design #colege,Rizign,2021-06-22 23:14:37,0,0,Jakarta,1605
131,RT @jolin652: This is the first real info I have seen on the Tesla Dojo Supercomputer.  It's the 5th most powerful in the WORLD.  Tesla is‚Ä¶,CorblynD,2021-06-22 23:14:02,0,0,Texas,720
132,"RT @DunioSteve: @elonmusk I hope #SpaceX is still planning on putting a Dogecoin on the moon.
#doge #ElonMusk #DogeFather #dogearmy #Dogeco‚Ä¶",godfrey_G_,2021-06-22 23:13:35,1,0,"Johannesburg, South Africa",2425
133,"RT @pauljamil: Just took delivery of the first Model S Plaid in Virginia. I‚Äôve owned lambos, ferraris, and mclarens, and I‚Äôve NEVER felt an‚Ä¶",Giovannihpmkv,2021-06-22 23:12:23,507,0,,1
134,"#LucidAir - Luxury at its Best üëáüöÄ

@LucidMotors  #LucidMotors $CCIV 
#SPACs #SpacSquad #SPACPATROL #Tesla‚Ä¶ https://t.co/9KDCv2MT5u",InvestStockSpac,2021-06-22 23:12:18,0,0,,35
135,"#Bitcoin failing in every way! #bitCON the #pyramidscheme 

#epicfail #Tesla #shorting #China #ban #ponzi #pyramid‚Ä¶ https://t.co/GEPlAgoiNP",AustynWay,2021-06-22 23:10:03,0,0,Bali,121
136,"RT @StocksToTrade: PERSPECTIVE CHECK: If you bought a Tesla Model S in 2012, your $77,000 car would be worth $40,000 today. If you had inve‚Ä¶",TringaleGaetano,2021-06-22 23:10:01,148,0,,8
137,why just because they (ICE Cars) see a #Tesla they act so much worse? https://t.co/9fnOIb486p,CharioBro,2021-06-22 23:09:04,0,0,,51
138,"@anonyx10 actually, Elon is making some of us a lot of money, so some of us think he's great..jus sayin
üòâ#tesla #Elonmusk",VDOLinx,2021-06-22 23:08:47,0,0,Canada eh!,127
139,"RT @BrokoliNetwork: Social good has forever been the most lucrative business opportunity. 

Think antibiotics, #Tesla, or even Harvard.

Po‚Ä¶",komahouse,2021-06-22 23:07:09,6,0,,17
140,"RT @pauljamil: Just took delivery of the first Model S Plaid in Virginia. I‚Äôve owned lambos, ferraris, and mclarens, and I‚Äôve NEVER felt an‚Ä¶",Crystalc3h,2021-06-22 23:05:34,507,0,,1
141,"RT @my_tradesignals: $FAMGA + #Tesla 

Q1 Revenue Growth YoY% Change:

üü¢ Tesla $TSLA: +73.6%
üü¢ Apple $AAPL: +53.6%

üü¢ Facebook $FB: +47.5%‚Ä¶",my_tradesignals,2021-06-22 23:04:28,7,0,"Nairobi, Cape Town, New York",3073
142,"#Chicago

Drove the #Tesla to a stay in #Michigan, near the lake. Went into the city for the day. https://t.co/ZuvA5ar9rs",bandarji,2021-06-22 23:01:51,0,0,"Half Moon Bay, CA",624
143,"Currently, 1 $DOGE = $0.191400.

At this rate, a #Tesla Model Y costs:
‚Ä¢ Long Range: 255,957 ∆â
‚Ä¢ Performance: 318,6‚Ä¶ https://t.co/v9326QNrEx",dogecoin4tesla,2021-06-22 23:01:49,0,0,The Moon,867
144,"RT @Teslaconomics: Thank you @tesla &amp; @elonmusk for allowing me to travel safely to Vegas and Utah, with comfort, safety, and happiness thr‚Ä¶",Marcus08090087,2021-06-22 23:00:31,4,0,,194
145,"RT @newslyticsapp: Tesla built one of the world's most powerful supercomputers to train it's self-driving system 
Url - https://t.co/IqbY5g‚Ä¶",Eco1stArt,2021-06-22 23:00:16,1,0,USA,4398
146,RT @MarketPictorial: Lithium battery prices continued to decline in 2020. Average prices came down as much as 13% to as low as $137/kWh. 10‚Ä¶,Eco1stArt,2021-06-22 23:00:10,1,0,USA,4398
147,"RT @Foxmental_X: These are the 9 worst states to buy an electric car in | Ars Technica

#environment #ecosystem #ClimateChange #ClimateActi‚Ä¶",Eco1stArt,2021-06-22 23:00:01,1,0,USA,4398
148,"RT @CumBlastBsc: Time For Cumblasting Is Approaching!!!üí¶üí¶üí¶
One Lucky Cumblaster will be selected for the @Tesla #giveaway on June 23 at 5 p‚Ä¶",CZ_Community,2021-06-22 22:59:58,12,0,"Sidoarjo, Indonesia",1808
149,"RT @Teslaconomics: People don‚Äôt understand this difference, but rather than have a huge house or luxurious vehicle through debt for one‚Äôs s‚Ä¶",Marcus08090087,2021-06-22 22:59:55,4,0,,194
150,"RT @Teslaconomics: Always remember debt can help you, but it can kill you. üî• 

debt free = peace of mind. ü§û

$TSLA #Tesla",Marcus08090087,2021-06-22 22:59:47,2,0,,194
151,#Tesla to rule the world üåé https://t.co/zwFu5BdiYQ,MemesOfMars,2021-06-22 22:59:24,0,3,Germany,2884
152,"RT @Teslaconomics: I remember when many would show off their lambos and luxuries watches, but I was never into that bc I knew through inves‚Ä¶",Marcus08090087,2021-06-22 22:58:54,6,0,,194
153,"RT @Teslaconomics: Fuck yea. 

We belong here. 

Tesla will get there. 

Be patient. 

$TSLA #Tesla",Marcus08090087,2021-06-22 22:58:36,2,0,,194
154,"@AdrianoinJapan üëÜ True. You just described the highlights of my life . 
#Tesla / #Doge
+ workout
+shower
+buy some‚Ä¶ https://t.co/lpnnm94tr1",Doge4faithfull,2021-06-22 22:57:19,0,1,"Florida, USA",1042
155,RT @Teslaconomics: People don‚Äôt understand FSD subscription is about to materially increase the take rate of customers utilizing FSD to hel‚Ä¶,Marcus08090087,2021-06-22 22:57:07,3,0,,194
156,"Tesla built one of the world's most powerful supercomputers to train it's self-driving system 
Url -‚Ä¶ https://t.co/DJpIJUrzri",newslyticsapp,2021-06-22 22:56:24,1,2,,403
157,"RT @stevenmarkryan: https://t.co/TiGS6L93Ne - Tesla AI Director Gives MIND BLOWING Update On Autonomy ü§Ø

NEW

$TSLA #Tesla @Tesla https://t‚Ä¶",BENBIOSTOCKS,2021-06-22 22:55:51,38,0,,11
158,"RT @pauljamil: Just took delivery of the first Model S Plaid in Virginia. I‚Äôve owned lambos, ferraris, and mclarens, and I‚Äôve NEVER felt an‚Ä¶",Mike_berckmoes,2021-06-22 22:55:33,507,0,"den Helder, Netherlands.",46
159,RT @TNR_Gold: #TNRGoldüîã $TNR.v Lithium Royalty Holding: #Ganfeng Lithium Supercharges #MarianaLithium Development By US$600M Investment Mak‚Ä¶,Autok_it,2021-06-22 22:55:07,3,0,,1406
160,@Kristennetten Any other ladies of #tesla on there?,CB4KKER,2021-06-22 22:55:01,0,0,Heerhugowaard,185
161,"RT @Teslaconomics: Life is too short to worry about the bitty bitty details to save that extra cent. 

Invest to free yourself baby. ‚ù§Ô∏è 

$‚Ä¶",Marcus08090087,2021-06-22 22:54:56,3,0,,194
162,"RT @Adekoya05212877: Make: Toyota
Model: Land cruiser prado
Year: 2014 upgraded to 2020
Location: Lagos
Contact 08086442495
Inspection is o‚Ä¶",loyevic,2021-06-22 22:54:30,1,0,"Lagos, Nigeria",234
163,"RT @MrTommyCampbell: Just finished a 1000km road trip in my Tesla Model 3. 
Cost $11 and I had no fatigue thanks to FSD. 
Safe, nimble, fas‚Ä¶",Marcus08090087,2021-06-22 22:54:04,103,0,,194
164,"Life is too short to worry about the bitty bitty details to save that extra cent. 

Invest to free yourself baby. ‚ù§Ô∏è 

$TSLA #Tesla",Teslaconomics,2021-06-22 22:53:36,3,38,Space,10975
165,"@ZssBecker One thing to keep in mind , i highly doubt #Elon / #Tesla would let #BTC drop to under their price point‚Ä¶ https://t.co/viuolWcSoE",Doge4faithfull,2021-06-22 22:51:53,0,0,"Florida, USA",1042
166,Lithium battery prices continued to decline in 2020. Average prices came down as much as 13% to as low as $137/kWh.‚Ä¶ https://t.co/X6o1bo4gul,MarketPictorial,2021-06-22 22:51:00,1,1,The wrong side of the pond.,210
167,"RT @sh_hameed: #Tesla unveils its new supercomputer (5th most powerful in the world) to train self-driving AI

https://t.co/WJ8RbT3psU‚Ä¶
#Ma‚Ä¶",codedailybot,2021-06-22 22:50:26,36,0,#codedaily,11520
168,"RT @sh_hameed: #Tesla unveils its new supercomputer (5th most powerful in the world) to train self-driving AI

https://t.co/WJ8RbT3psU‚Ä¶
#Ma‚Ä¶",codedailybot,2021-06-22 22:50:26,36,0,#codedaily,11520
169,"RT @sh_hameed: #Tesla unveils its new supercomputer (5th most powerful in the world) to train self-driving AI

https://t.co/WJ8RbT3psU‚Ä¶
#Ma‚Ä¶",codedailybot,2021-06-22 22:50:26,36,0,#codedaily,11520
170,"RT @sh_hameed: #Tesla unveils its new supercomputer (5th most powerful in the world) to train self-driving AI

https://t.co/WJ8RbT3psU‚Ä¶
#Ma‚Ä¶",codedailybot,2021-06-22 22:50:26,36,0,#codedaily,11520
171,"RT @sh_hameed: #Tesla unveils its new supercomputer (5th most powerful in the world) to train self-driving AI

https://t.co/WJ8RbT3psU‚Ä¶
#Ma‚Ä¶",100DaysOf2020,2021-06-22 22:50:11,36,0,Earth ,5999
172,"These are the 9 worst states to buy an electric car in | Ars Technica

#environment #ecosystem #ClimateChange‚Ä¶ https://t.co/CPEyeead9F",Foxmental_X,2021-06-22 22:50:02,1,0,NYC,5359
173,RT @jamesvgingerich: #Tesla Model 3 Is Now 16th Bestselling Car In The World. (Forbes) #AutoIndustry #AutomobileIndustry https://t.co/IumNe‚Ä¶,investinAI,2021-06-22 22:49:59,1,0,"Toronto, Ontario",758
174,"DOGECOIN  ( $ 0.187397 )
#weremainbullish‚è´
Jun 23 ( 00:49 CET)
SL &amp; TP customers only
#forecaster : #–ü–µ–ø–µ—Ç–µ—Å üá™üá¶‚Ä¶ https://t.co/xNQNVzPIHA",FauPablo,2021-06-22 22:49:43,0,1,Chicago üá∫üá∏ Paris üá®üáµ,9
175,"RT @sh_hameed: #Tesla unveils its new supercomputer (5th most powerful in the world) to train self-driving AI

https://t.co/WJ8RbT3psU‚Ä¶
#Ma‚Ä¶",hubofml,2021-06-22 22:49:13,36,0,Germany ,8543
176,"RT @sh_hameed: #Tesla unveils its new supercomputer (5th most powerful in the world) to train self-driving AI

https://t.co/WJ8RbT3psU‚Ä¶
#Ma‚Ä¶",cameliaclement,2021-06-22 22:48:39,36,0,server,823
177,"RT @sh_hameed: #Tesla unveils its new supercomputer (5th most powerful in the world) to train self-driving AI

https://t.co/WJ8RbT3psU‚Ä¶
#Ma‚Ä¶",MillennialFor,2021-06-22 22:48:38,36,0,Boston,176
178,"RT @BenevidesBianka: üö® COUNTDOWN: 4 DAYS TO #DUCKDAY üö®

I'm accumulating #lunes, what about you? ‚åõ

#lunes #btc #eth #crypto #doge #tesla #‚Ä¶",OwotchegbeLand1,2021-06-22 22:47:59,37,0,,0
179,"Another day, another attempt at getting @elonmusk‚Äôs attention. #Elonmusk #Tesla https://t.co/RzbbPGMkIY",MuteNeighbor,2021-06-22 22:47:22,0,0,,105
180,"RT @stevenmarkryan: https://t.co/TiGS6L93Ne - Tesla AI Director Gives MIND BLOWING Update On Autonomy ü§Ø

NEW

$TSLA #Tesla @Tesla https://t‚Ä¶",bradfordtrader,2021-06-22 22:46:33,38,0,Philly  New Jersey & Taos NM,57
181,RT @GerberKawasaki: I‚Äôm getting mine this week. Full video to come. #teslamodelsplaid $tsla #tesla,TDogetronaut,2021-06-22 22:46:23,4,0,United States,190
182,I member when I was at @BankofAmerica someone casually dumped $50k in #BTC right before it blew up initially. Dude drive a #Tesla. üòâ,TheJadedBanker,2021-06-22 22:46:07,0,0,"Seychelles, Bahamas ",0
183,RT @TeslaMotorsClub: Former @Tesla Exec Guillen Sells $274M in Stock #Tesla #TSLA #TeslaMotorsClub https://t.co/8qpKaAHsNE,rvnotone,2021-06-22 22:46:07,2,0,New Jersey,364
184,"@elonmusk I hope #SpaceX is still planning on putting a Dogecoin on the moon.
#doge #ElonMusk #DogeFather #dogearmy‚Ä¶ https://t.co/7pzBIG8H9B",DunioSteve,2021-06-22 22:45:59,1,1,,2
185,Former @Tesla Exec Guillen Sells $274M in Stock #Tesla #TSLA #TeslaMotorsClub https://t.co/8qpKaAHsNE,TeslaMotorsClub,2021-06-22 22:45:58,2,5,The World,172220
186,TESLA STOCK PRICE AND VOLATILITY -Tesla up from yesterday's loss.https://t.co/id9xX3EOzN #Tesla $tsla #Elonmusk‚Ä¶ https://t.co/nnCDr3UH6k,Nammbers,2021-06-22 22:45:14,0,1, ,18
187,.@Tesla Video Gives a Look at Plaid‚Äôs Incredible Acceleration #Tesla #Plaid #TeslaPlaid #ModelSPlaid‚Ä¶ https://t.co/LM7r0CnK5I,TeslaMotorsClub,2021-06-22 22:44:17,0,2,The World,172220
188,"RT @pauljamil: Just took delivery of the first Model S Plaid in Virginia. I‚Äôve owned lambos, ferraris, and mclarens, and I‚Äôve NEVER felt an‚Ä¶",RavenSagan,2021-06-22 22:44:04,507,0,,1
189,"RT @monitorjain: I just published Hacking the Tesla Powerwall for bad weather management, Observability, and Fun https://t.co/miiifJGyxY‚Ä¶",BTOPPod,2021-06-22 22:44:01,2,0,,345
190,"@BillyM2k @greg16676935420 #dogecoin for the memeries

#acceptdoge #tesla #crypto @slimjim #elonmusk‚Ä¶ https://t.co/5U172IkOi8",Comm3ntT,2021-06-22 22:42:56,0,0,Moon,9
191,"RT @SellTesla: Sell Your Tesla - Free 21 Day Listing. 
A peer to peer EV marketplace dedicated to connecting private sellers and buyers of‚Ä¶",deborahutchens,2021-06-22 22:42:31,38,0,Wilmington NC,718
192,"Day 327 of asking @elonmusk for a Model 3.
#Elonmusk #Tesla #Model3 #TeslaSolarRoof https://t.co/mzzOeMtauW",CrackheadClaus,2021-06-22 22:41:58,0,0,,26
193,Current #Tesla Price: $624.08 üìâ ‚ö°üöóüîã,TeslaHourly,2021-06-22 22:41:01,0,0,,0
194,üëÄ Eyes on @elonmusk #Tesla $EWT #Bitcoin https://t.co/3DL8LHfrSg,UltraDagChad,2021-06-22 22:40:38,0,1,ULTRA Metaverse ,4576
195,"@CumBlastBsc @Tesla @elonmusk Thank you @CumBlastBsc for the update üôÇ
#cumblast #Tesla #giveaways",canadianjacs,2021-06-22 22:39:08,0,2,Canada,6471
196,#Tesla Model 3 Is Now 16th Bestselling Car In The World. (Forbes) #AutoIndustry #AutomobileIndustry‚Ä¶ https://t.co/XIcc2Avsqf,jamesvgingerich,2021-06-22 22:39:00,1,2,"Waterloo, Ontario Canada",60295
197,"RT @TNR_Gold: #TNRGoldüîã $TNR.v Lithium Royalty Holding: #Ganfeng Increases Stake In #MarianaLithium Closer To 100% - ""Chinese Mining Compan‚Ä¶",Sufiy,2021-06-22 22:38:55,2,0,Global.,2937
198,RT @TNR_Gold: #TNRGoldüîã $TNR.v Lithium Royalty Holding: #Ganfeng Lithium Supercharges #MarianaLithium Development By US$600M Investment Mak‚Ä¶,Sufiy,2021-06-22 22:38:33,3,0,Global.,2937
199,"RT @CumBlastBsc: Time For Cumblasting Is Approaching!!!üí¶üí¶üí¶
One Lucky Cumblaster will be selected for the @Tesla #giveaway on June 23 at 5 p‚Ä¶",canadianjacs,2021-06-22 22:38:05,12,0,Canada,6471
200,"RT @pauljamil: Just took delivery of the first Model S Plaid in Virginia. I‚Äôve owned lambos, ferraris, and mclarens, and I‚Äôve NEVER felt an‚Ä¶",Dylan02939106,2021-06-22 22:36:41,507,0,,108
201,RT @NickBalazs: @elonmusk now would be a fantastic time to announce @Tesla #dogecoin #ethereum acceptance! Giving the little guy an opportu‚Ä¶,taerrowynn,2021-06-22 22:35:56,14,0,,18
202,"RT @BGisBrandonGray: Lucid Motors to launch 2021 Lucid Air, an electric luxury vehicle that could rival Tesla
 https://t.co/ovIXShbnMy #luc‚Ä¶",TheRag28,2021-06-22 22:33:49,1,0,,17
203,"#Tesla #Tsla $Tesla #Teslastock

""Bubble Head""

     Mr. Gordon Johnson Lives
In A BUBBLE.... https://t.co/FnmRe0WIAV",Genewhitney63,2021-06-22 22:32:15,0,1,"Oneonta, NY",39
204,"Lucid Motors to launch 2021 Lucid Air, an electric luxury vehicle that could rival Tesla
 https://t.co/ovIXShbnMy‚Ä¶ https://t.co/CEHG6XXcoa",BGisBrandonGray,2021-06-22 22:30:11,1,1,The Multiverse,2165
205,"$TSLA winnings of initial #BTC investmentüôå

$-100143771 (-7.42 %) (Realized: 272 M)
(Estimating an average buy pric‚Ä¶ https://t.co/XW6BpVvD6h",MBrae3,2021-06-22 22:30:05,0,0,,1263
206,"RT @BenevidesBianka: üö® COUNTDOWN: 4 DAYS TO #DUCKDAY üö®

I'm accumulating #lunes, what about you? ‚åõ

#lunes #btc #eth #crypto #doge #tesla #‚Ä¶",Chico51793442,2021-06-22 22:28:36,37,0,,10
207,"RT @maxedlearn: Is artificial intelligence suitable for any industry right now?

https://t.co/tpU1BuHLv4
https://t.co/tpU1BuHLv4

 #Artific‚Ä¶",Artificialbra1n,2021-06-22 22:27:47,4,0,,1272
208,"@JosephVVallace Much Wow!
And #Doge / #dogemining  + #Tesla will drive this üòé",Doge4faithfull,2021-06-22 22:27:14,0,1,"Florida, USA",1042
209,RT @JohnNosta: Tesla Artificial Intelligence Day May Be Held in July. ‚Å¶@EvaFoxU‚Å© #tesla #AI  https://t.co/lVspcjRAOk,rrabg5,2021-06-22 22:27:02,3,0,NYC New York,573
210,"RT @Stephan9015: My list of new and upcoming #BEV (pure battery electric) vehicle models has now hit 500 and it will grow further. #EV, #VW‚Ä¶",Sufiy,2021-06-22 22:26:26,18,0,Global.,2937
211,RT @leoventuresllc: Tesla..What Can You Say!! #tesla #tsla #stock #stockmarket #options #money #cars #tech #technology https://t.co/wtngQ8C‚Ä¶,Fabriciosx,2021-06-22 22:24:35,1,0,Rio de janeiro,2706
212,"RT @pauljamil: Just took delivery of the first Model S Plaid in Virginia. I‚Äôve owned lambos, ferraris, and mclarens, and I‚Äôve NEVER felt an‚Ä¶",Kayteetav,2021-06-22 22:24:12,507,0,"Palo Alto, CA",93
213,"Thanks #doge!!  

+ 65 000 instant ! Amazing #dogecoin team !!!
Tell your friends before it's too late
Like&amp;Retweet‚Ä¶ https://t.co/PFJwr0As1u",nojus44,2021-06-22 22:23:46,7,10,,1
214,Tesla..What Can You Say!! #tesla #tsla #stock #stockmarket #options #money #cars #tech #technology https://t.co/wtngQ8CLex,leoventuresllc,2021-06-22 22:23:46,1,1,"Chicago, IL",210
215,"I ‚ù§ when I see Colorado plates in Illinois...especially on a Tesla in my neighborhood!!!

#tesla #modelx #colorado‚Ä¶ https://t.co/a5FloJx2iC",cargrlCHI,2021-06-22 22:23:27,0,0,"Chicago, IL",397
216,RT @Astroudpro: I‚Äôm just saying #Doge is better - in they start hating even fkn harder ‚Äî but we are unbothered ( #drake Marvin rooms voice‚Ä¶,Astroudpro,2021-06-22 22:23:17,2,0,,583
217,RT @DiavoloMartin: #this is the way? #doge #dogecoin #ElonMusk @dogecoin @elonmusk #Tesla @Tesla #cryptocurrency #pic #picturethis https://‚Ä¶,WilllianZanches,2021-06-22 22:22:40,173,0,,0
218,RT @Astroudpro: $Doge the wonderful wizard of #Doge ‚Äî to theeee mooooooooooon ‚Äî in my #tesla #Doge1 #spacex #dogetothemoon https://t.co/Jh7‚Ä¶,Astroudpro,2021-06-22 22:22:36,3,0,,583
219,RT @Astroudpro: Happy Saturday #Dogefam ‚Äî feeling amazing today #Doge1 #SnL @elonmusk  love in respect to you #Tesla #Doge4Tesla #Doge http‚Ä¶,Astroudpro,2021-06-22 22:21:03,4,0,,583
220,"Make: Toyota
Model: Land cruiser prado
Year: 2014 upgraded to 2020
Location: Lagos
Contact 08086442495
Inspection i‚Ä¶ https://t.co/CxuSnTqaI0",Adekoya05212877,2021-06-22 22:21:02,1,1,"Lagos, URA",167
221,"RT @Teslaconomics: I remember when many would show off their lambos and luxuries watches, but I was never into that bc I knew through inves‚Ä¶",iraymondcunanan,2021-06-22 22:21:01,6,0,"New York, NY üóΩ",215
222,Anyone know when the #cybertruck is supposed to come out #Tesla #Elonmusk #teslacybertruck,EmeinDaniel,2021-06-22 22:17:53,0,0,,49
223,"Thanks #doge!!  

+ 56 000 instant ! Amazing #dogecoin team !!!
.

.      

   .  

.

$doge $shiba #bitcoin $eth‚Ä¶ https://t.co/IMytDMmL84",JasonFastner,2021-06-22 22:17:05,9,10,,1
224,RT @knovhov: This statue of Nikola Tesla in Silicon Valley radiates free wifi in memory of his dream to provide free power to the whole wor‚Ä¶,jaci_wiley,2021-06-22 22:15:25,2,0,,1468
225,"@Astroudpro Nice wheels üòé 
#doge #tesla  #dogecoin",Doge4faithfull,2021-06-22 22:13:46,0,2,"Florida, USA",1042
226,RT @EvanKirstel: #Tesla's 'Dojo' #supercomputer will train its vision-centric #autonomous tech https://t.co/UvRZdD7Acm #ai #deeplearning @t‚Ä¶,VietNameXchange,2021-06-22 22:13:02,17,0,QP92+8P,1381
227,So awesome! Next on my list #pink #tesla https://t.co/TAPdz0yg5p,KrissyPoet,2021-06-22 22:08:27,0,1,"Pennsylvania, USA",1
228,#Tesla cars look so dull. Inside and outside. I‚Äôve said it.,ChartBender,2021-06-22 22:08:00,0,0,,57
229,RT @JohnNosta: Elon Musk‚Äôs Wonder and Fear: The Duality of Innovation.  https://t.co/BEGjvKSGvJ #Tesla #innovation #technology @elonmusk  #‚Ä¶,sectest9,2021-06-22 22:05:25,49,0,"Hyderabad, India",36120
230,RT @JohnNosta: Elon Musk‚Äôs Wonder and Fear: The Duality of Innovation.  https://t.co/BEGjvKSGvJ #Tesla #innovation #technology @elonmusk  #‚Ä¶,terran10locks,2021-06-22 22:04:45,49,0,"London, England",119
231,"RT @Vancity_Tesla: Visited the Cache Creek #Tesla Supercharger, 8 stalls V3, 250kW. 

Also a BC Hydro, 50kW charger, and a Flo Charger 50kW‚Ä¶",Mod3My,2021-06-22 22:04:37,1,0,Canada,1547
232,"Currently, 1 $DOGE = $0.190720.

At this rate, a #Tesla Model X costs:
‚Ä¢ Long Range: 471,844 ∆â
‚Ä¢ Plaid: 629,143 ∆â‚Ä¶ https://t.co/d3PENATsmP",dogecoin4tesla,2021-06-22 22:01:48,0,1,The Moon,867
233,"üö® Rest only 4 DAYS TO #DUCKDAY üö®

I'm buying and accumulating #lunes, and you? ‚åõ

 #btc #eth #crypto #doge #tesla‚Ä¶ https://t.co/T8nwfDrnvi",fabioelker,2021-06-22 22:01:44,0,0,,320
234,"Signature Bank‚Äôs Blockchain Payment Platform to Accept Trueusd Stablecoin https://t.co/96sabUzHMy 
#Bitcoin‚Ä¶ https://t.co/LnMpaNiDXH",KhalifaNassif,2021-06-22 22:00:12,0,0,US,273
235,"RT @CumBlastBsc: Time For Cumblasting Is Approaching!!!üí¶üí¶üí¶
One Lucky Cumblaster will be selected for the @Tesla #giveaway on June 23 at 5 p‚Ä¶",green_42069,2021-06-22 22:00:07,12,0,,61
236,"RT @TheTeslaLife: The Chipotle restaurant launches a new video game featuring #Tesla #Model3, and you could win one!  https://t.co/LXWzrW5Z‚Ä¶",TooleBraiden,2021-06-22 21:59:50,2,0,,19
237,"RT @CumBlastBsc: Time For Cumblasting Is Approaching!!!üí¶üí¶üí¶
One Lucky Cumblaster will be selected for the @Tesla #giveaway on June 23 at 5 p‚Ä¶",isacrypto1,2021-06-22 21:59:49,12,0,,29
238,"RT @superchargefeed: #tesla #supercharger in Bemidji, MN, USA is under construction with 8 stalls (250 kW) https://t.co/wtZlc20wjG",mnmfabian,2021-06-22 21:59:38,4,0,"Mason City, IA",66
239,"RT @Amin07559166: When elon (Doge Father) supports his own child.
What is your plan now guys? Does elon  support him again?

Elon, do you s‚Ä¶",RealMan72948713,2021-06-22 21:59:35,281,0,,1
240,"Day 1 of asking @elonmusk for a free car because I'm broke.

#Tesla",m0destly,2021-06-22 21:59:31,0,1,"The Norff, England",621
241,"Day 01/365 for my inspiration to see this video @elonmusk üòÑ 

#Elonmusk 
#Tesla 
#SpaceX https://t.co/ZkGMpAhIat",farboot1003,2021-06-22 21:59:26,1,0,"Campinas, Brasil",4
242,"Time For Cumblasting Is Approaching!!!üí¶üí¶üí¶
One Lucky Cumblaster will be selected for the @Tesla #giveaway on June 23‚Ä¶ https://t.co/qJ4DheSBeL",CumBlastBsc,2021-06-22 21:59:22,12,20,,1445
243,"Visited the Cache Creek #Tesla Supercharger, 8 stalls V3, 250kW. 

Also a BC Hydro, 50kW charger, and a Flo Charger‚Ä¶ https://t.co/jjyDyDxL3i",Vancity_Tesla,2021-06-22 21:59:18,1,7,"Vancouver, British Columbia",179
244,"RT @BitOcoinDev: We think you are gonna love BITOCOIN...

#elon #musk #elonmusk #elongate #cryptoart #tesla #bitocoin #isnot #bitcoin #cryp‚Ä¶",Quanticcoin,2021-06-22 21:59:03,6,0,,33
245,"RT @JuliusKnz: @elongateog DIAMOND HANDS üíé 
PATIENCE WILL BE REWARDED MY FRIENDS - soon to the Moon üöÄüöÄüöÄüöÄ 
greetings from üáµüáπ ‚ô•Ô∏è
#ELONGATEFAM‚Ä¶",Emre14102,2021-06-22 21:58:56,10,0,,86
246,"Thanks #doge!!  

+ 47 000 instant ! Amazing #dogecoin team !!!
.
      
.
    
.
   
.

$doge $shiba #bitcoin $eth‚Ä¶ https://t.co/iZmvwgmtnb",pooling_io,2021-06-22 21:58:47,9,11,"Darmstadt, Germany",13
247,"RT @TNR_Gold: #TNRGoldüîã $TNR.v Lithium Royalty Holding: #Ganfeng Increases Stake In #MarianaLithium Closer To 100% - ""Chinese Mining Compan‚Ä¶",kirillklip,2021-06-22 21:58:35,1,0,"Planet #Earth, mostly.",7703
248,"RT @Doge4Kids: @elonmusk Can I donate you all my #dogecoin Matrix? I feel we are all into this Simulation of Dreams, all I want for X-mass‚Ä¶",godfrey_G_,2021-06-22 21:58:12,1,0,"Johannesburg, South Africa",2425
249,"RT @nasalahe: Number of Teslas registered in Norway today was 214 with 0 Model S, 0 Model X and 214 Model 3 making it a total of 63815 Sour‚Ä¶",Paul49787221,2021-06-22 21:58:06,1,0,,140
250,PBOC Instructs China‚Äôs Banks to Forbid All Cryptocurrency Related Activities Immediately https://t.co/h5lbZVHkuY‚Ä¶ https://t.co/vxkY1siezl,KhalifaNassif,2021-06-22 21:57:13,0,1,US,273
251,"Its a showdown in a no man's la d, Im a cowboy of the modern day. 
#tesla
https://t.co/wAjF7RkKjh",Eleazarfontes,2021-06-22 21:56:19,0,0,"Bosstown, WI.",418
252,"RT @DIEBO37: Tesla Shows Off Its Brand New AI-Training Supercomputer
#Tesla #AI #ArtificialIntelligence #SuperComputer #ùíüùíæùëíùí∑ùí™37 
https://t.‚Ä¶",nilgunm7575,2021-06-22 21:55:43,35,0,,5351
253,"RT @Stephan9015: My list of new and upcoming #BEV (pure battery electric) vehicle models has now hit 500 and it will grow further. #EV, #VW‚Ä¶",DrColinTrainor,2021-06-22 21:54:45,18,0,"Ballarat, Victoria, Australia",2564
254,"@maxkeiser Yeah, double down on pointless confrontations against the guy who can move the market with a tweet, espe‚Ä¶ https://t.co/9fNgzumQVj",Falcoperecrypto,2021-06-22 21:53:48,0,8,Berlin,65
255,I'm looking to garage the Viper for a while and start commuting with a #Tesla. I was looking @Tesla Referral Progra‚Ä¶ https://t.co/N0fF0ifBDr,jlhyer,2021-06-22 21:53:31,0,0,,6
256,"RT @stevenmarkryan: https://t.co/TiGS6L93Ne - Tesla AI Director Gives MIND BLOWING Update On Autonomy ü§Ø

NEW

$TSLA #Tesla @Tesla https://t‚Ä¶",JerylKeith,2021-06-22 21:53:27,38,0,"Manhattan, KS",582
257,"Explainer: What‚Äôs happening with @Tesla‚Äôs $7 billion German ‚Äògigafactory‚Äô? https://t.co/2HSygzDl0Q 

by‚Ä¶ https://t.co/1iqpAhQwpu",ErnestScheyder,2021-06-22 21:52:18,0,0,,12087
258,"RT @pauljamil: Just took delivery of the first Model S Plaid in Virginia. I‚Äôve owned lambos, ferraris, and mclarens, and I‚Äôve NEVER felt an‚Ä¶",LilGypsyOne,2021-06-22 21:51:50,507,0,Oaken Office,842
259,"RT @MrTommyCampbell: Just finished a 1000km road trip in my Tesla Model 3. 
Cost $11 and I had no fatigue thanks to FSD. 
Safe, nimble, fas‚Ä¶",Carmelodni,2021-06-22 21:50:09,103,0,,0
260,"Number of Teslas registered in Norway today was 214 with 0 Model S, 0 Model X and 214 Model 3 making it a total of‚Ä¶ https://t.co/EpoaAHA6bp",nasalahe,2021-06-22 21:50:03,1,8,"Oslo, Norge",1069
261,"@elonmusk Can I donate you all my #dogecoin Matrix? I feel we are all into this Simulation of Dreams, all I want fo‚Ä¶ https://t.co/OdU2RfapeI",Doge4Kids,2021-06-22 21:49:55,1,0,Globe - Moon - Mars - WOOFF!,39
262,"RT @MrTommyCampbell: Just finished a 1000km road trip in my Tesla Model 3. 
Cost $11 and I had no fatigue thanks to FSD. 
Safe, nimble, fas‚Ä¶",CB4KKER,2021-06-22 21:48:50,103,0,Heerhugowaard,185
263,1 tweet from @elonmusk and we will take off. #BTC #Tesla #Elon Musk,legindairyhaha,2021-06-22 21:48:37,0,0,"Moon, PA",36
264,"RT @ClaireMusk: Thank you for taking questions, Mr. #Tesla Semi-Official Spokesman. My question is, where is your peer-reviewed data for:‚Ä¶",SteelNicho,2021-06-22 21:48:14,3,0,sometimes behind a Canon,694
265,"Thanks #doge!!  

+ 45 000 instant ! Amazing #dogecoin team !!!
.
    
.
    
.

.

$doge $shiba #bitcoin $eth‚Ä¶ https://t.co/EUb60Q0DXb",JasonFastner,2021-06-22 21:48:13,5,11,,1
266,Tesla will not be around for long...all car manufactures are now making electric cars that are affordable...its jus‚Ä¶ https://t.co/wEIk2xjoep,WaxTechTips,2021-06-22 21:46:47,0,0,South Africa,1
267,RT @TheTeslaLife: #Tesla Energy is launching in China üá®üá≥ with the #Powerwall and #Solar products https://t.co/hNfISwTpOZ https://t.co/bnoBF‚Ä¶,mandeepdhinds12,2021-06-22 21:46:38,4,0,"Danville, CA",10
268,"@BillyM2k √êoge transaction fees are improving, the energy use will improve too, @elonmusk will finally make the ann‚Ä¶ https://t.co/WGFgpecyaR",johnbrennxn,2021-06-22 21:44:46,0,2,United States,504
269,RT @driversside: Mustang Mach-E Beats EPA Range Estimates In Testing While Tesla Falls Short via @torquenewsauto #MustangMachE #Tesla #tesl‚Ä¶,MarkEakin,2021-06-22 21:43:24,13,0,Maryland,3392
270,"RT @pauljamil: Just took delivery of the first Model S Plaid in Virginia. I‚Äôve owned lambos, ferraris, and mclarens, and I‚Äôve NEVER felt an‚Ä¶",Randallpolu2,2021-06-22 21:43:07,507,0,,0
271,RT @JohnNosta: Elon Musk‚Äôs Wonder and Fear: The Duality of Innovation.  https://t.co/BEGjvKSGvJ #Tesla #innovation #technology @elonmusk  #‚Ä¶,PaulSavelsbergh,2021-06-22 21:42:24,49,0,"Portland, Oregon",1809
272,Current #Tesla Price: $624.11 üìà ‚ö°üöóüîã,TeslaHourly,2021-06-22 21:41:00,0,0,,0
273,"Audi says it will produce its last internal combustion engine by 2033, only launch new EVs by 2026 #tesla #eCar https://t.co/vr4p2WQmjy",Jeff1601,2021-06-22 21:40:16,0,0,Germany - Leipzig,121
274,"Fisker and Magna sign long-term agreement, including production of Ocean SUV in fall 2022 #tesla #eCar https://t.co/Ejs5WBRpjO",Jeff1601,2021-06-22 21:40:15,0,0,Germany - Leipzig,121
275,CRYPTO NEWS:  Little Green Mining Hood or the Big Bad Wolf: Musk‚Äôs Sustainability Play https://t.co/0fjbVnytla‚Ä¶ https://t.co/xX2GMqQOjH,cryptocoinboom,2021-06-22 21:40:06,0,1,"Los Angeles, California, USA",42
276,@DOGEHOUNDS @JosephVVallace Only one transceiver and two pulse generators can create multiple copies of LIDAR signa‚Ä¶ https://t.co/koUkBmhGg0,Doge4faithfull,2021-06-22 21:37:27,0,0,"Florida, USA",1042
277,"#Tesla Unveils Top #AV Training Supercomputer Powered by #NVIDIA A100 GPUs
‚ÄòIncredible‚Äô GPU cluster powers #AI deve‚Ä¶ https://t.co/m9qCwwLwia",viviane41861305,2021-06-22 21:36:27,0,0,S√ÉO PAULO,1594
278,"RT @stevenmarkryan: https://t.co/TiGS6L93Ne - Tesla AI Director Gives MIND BLOWING Update On Autonomy ü§Ø

NEW

$TSLA #Tesla @Tesla https://t‚Ä¶",RaviaLakhani,2021-06-22 21:34:16,38,0,,415
279,@MattWallace888 @elonmusk Yes #Elonmusk and #Tesla https://t.co/vlOncFolph,Szgr11,2021-06-22 21:31:00,0,0,Erzurum ,30
280,So many #Tesla sightings in Montana. Team blue in Butte earlier today! https://t.co/4jzvgFEUZd,brian_riebe,2021-06-22 21:30:53,0,1,"Burnsville, MN",175
281,What's your take on this? @elonmusk #tesla #ElonMusk #AI #plaid #ModelSPlaid #models #dogecoin #DogecoinToTheMoon https://t.co/DdxBiIeJpA,Dhruvthewelder,2021-06-22 21:30:48,0,1,,6
282,"$TSLA winnings of initial #BTC investmentüôå

$-93961929 (-6.96 %) (Realized: 272 M)
(Estimating an average buy price‚Ä¶ https://t.co/oaKYFDeo2f",MBrae3,2021-06-22 21:30:05,0,0,,1263
283,"@RationalEtienne @mayemusk @The20MSP @caaspeakers ü§£ü§£That's hilarious üëÜ
Lemme go sign it.
#doge #tesla #blueorigin https://t.co/udIfYK5KeH",Doge4faithfull,2021-06-22 21:29:54,0,2,"Florida, USA",1042
284,"RT @stevenmarkryan: https://t.co/TiGS6L93Ne - Tesla AI Director Gives MIND BLOWING Update On Autonomy ü§Ø

NEW

$TSLA #Tesla @Tesla https://t‚Ä¶",Thekkel1,2021-06-22 21:27:42,38,0,,134
285,Reality check for Volkswagen in China after sluggish start for electric car series https://t.co/JZaJ5lCowR $tsla‚Ä¶ https://t.co/Bc0BnVvEbR,pandabearchap,2021-06-22 21:26:22,0,0,,96
286,"@saiyar @garyblack00 I do have tangible evidence. Like Panasonic partnership with #Tesla, #GeneralMotors has same t‚Ä¶ https://t.co/ZmXtye6raf",rmcadory,2021-06-22 21:23:38,0,0,"Michigan, USA",213
287,"RT @AustinTeslaClub: Welcome to Giga Texas!! üëã
New arrival spotted this morning by Quad Squad member @JoeTegtmeyer 
It‚Äôs a bridge crane hea‚Ä¶",TeslaToyHauler,2021-06-22 21:23:29,24,0,,35
288,"#Tesla 

Chipotle Launches Rewards Exchange With New Video Game And Tesla Model 3 Giveaway - Jun 22, 2021 

https://t.co/hjXXnFCKkr",dogehodl2021,2021-06-22 21:22:53,0,0,"Mannheim, Germany üá©üá™",477
289,RT @TeslaNY: 2013 Tesla Model S P85+! Loved this car! ‚ù§Ô∏è‚ö°Ô∏èüì∂ $TSLA #Tesla #EV #OTA #MaximumFun https://t.co/lRbEu2d4nK,stephenpallotta,2021-06-22 21:21:59,1,0,"New York, USA",1594
290,RT @NovaNocturnal: Had my first @Tesla ride through an Uber driver today ever. All I have to say is @elonmusk you‚Äôve found a cure to my car‚Ä¶,SustainTrends,2021-06-22 21:19:57,1,0,,6163
291,Had my first @Tesla ride through an Uber driver today ever. All I have to say is @elonmusk you‚Äôve found a cure to m‚Ä¶ https://t.co/mXwk8OhWT6,NovaNocturnal,2021-06-22 21:19:52,1,4,"Philadelphia, PA",1190
292,"RT @pauljamil: Just took delivery of the first Model S Plaid in Virginia. I‚Äôve owned lambos, ferraris, and mclarens, and I‚Äôve NEVER felt an‚Ä¶",dibyendu_1980,2021-06-22 21:17:51,507,0,Kolkata,76
293,"Day 42 of 50 day #challenge to becoming a professional #sportsconsultant

#POTD
OAK
CHW/HOU mlp 
SF

Let‚Äôs get this‚Ä¶ https://t.co/hQJ6NAm1NF",ShoMoneySports,2021-06-22 21:17:21,0,0,Las Vegas,275
294,"I guess Open source is always an option for something when someone else is doing it better
@elonmusk @karpathy‚Ä¶ https://t.co/RwtuThCAca",samsonusmc,2021-06-22 21:16:59,0,0,"St Augustine, FL",106
295,"RT @ClaireMusk: üö® Korean Backlash Against #Tesla's Design Defects: 
If S. Korea requires that car doors must be able to be opened in case o‚Ä¶",apacho_ee,2021-06-22 21:16:12,16,0,Deutschland,568
296,Really looking forward to seeing @UnpluggedTesla racing footage. See below them dominating across all categories (#‚Ä¶ https://t.co/ydrdIQQupt,alesssj4,2021-06-22 21:15:53,0,1,3rd rock from the sun,389
297,"RT @MrTommyCampbell: Just finished a 1000km road trip in my Tesla Model 3. 
Cost $11 and I had no fatigue thanks to FSD. 
Safe, nimble, fas‚Ä¶",SustainTrends,2021-06-22 21:15:10,103,0,,6163
298,"RT @MrTommyCampbell: Just finished a 1000km road trip in my Tesla Model 3. 
Cost $11 and I had no fatigue thanks to FSD. 
Safe, nimble, fas‚Ä¶",HuangYongchao,2021-06-22 21:15:04,103,0,,8
299,"My Buy picks:

1. #XAUUSD: 1806
2. #EURUSD: 1.19700
3. #BBstock : $20 (TP)
4. #WISH : $21 (TP)
5. #LI : $34
6.‚Ä¶ https://t.co/e5olQTSQAJ",cetradingdxb,2021-06-22 21:14:58,0,0,Dubai,34
300,@elonmusk how many petrol heads do I need to convert to @Tesla before we talk about a great deal on a plaid?! üòÇ‚Ä¶ https://t.co/0bQJToh4o0,Chris_Lena,2021-06-22 21:14:54,0,0,Beautiful South FL ÓÅäÓÅäÓÅä,225
301,@AndresG_TV @VitalVegas thats about close this 132f from the #Tesla peaked up in west #Summerland ! https://t.co/OPifqL4nGM,JulianSapp,2021-06-22 21:12:22,0,1,The Entire Universe!,16552
302,"@ValueAnalyst1 In what segment of business is one company the only competitor? An entire, complete monopoly? Meanin‚Ä¶ https://t.co/rdA8wJ0G2m",rmcadory,2021-06-22 21:11:59,0,1,"Michigan, USA",213
303,"RT @Manic_Marge: Work at @Tesla, tune into #Tesla AI Day",JohnnaCrider1,2021-06-22 21:11:36,7,0,"Baton Rouge, LA",25552
304,"RT @pauljamil: Just took delivery of the first Model S Plaid in Virginia. I‚Äôve owned lambos, ferraris, and mclarens, and I‚Äôve NEVER felt an‚Ä¶",cliveanderson41,2021-06-22 21:10:57,507,0,,0
305,"RT @pauljamil: Just took delivery of the first Model S Plaid in Virginia. I‚Äôve owned lambos, ferraris, and mclarens, and I‚Äôve NEVER felt an‚Ä¶",Gavinsvai,2021-06-22 21:10:55,507,0,,0
306,@Lebeaucarnews Hey Phil- serious question: Why is CNBC so biased against Tesla?  It‚Äôs getting kind of comical now.‚Ä¶ https://t.co/PGEAzBK3kI,AT69TA,2021-06-22 21:10:45,0,0,"Austin, TX",14
307,"RT @pauljamil: Just took delivery of the first Model S Plaid in Virginia. I‚Äôve owned lambos, ferraris, and mclarens, and I‚Äôve NEVER felt an‚Ä¶",Thekkel1,2021-06-22 21:10:45,507,0,,134
308,"RT @TeslaNY: Model S Plaid Fund (6/21/21): ‚ÄúWe‚Äôve already bought it, it‚Äôs on order, we should get it in 2 weeks.‚Äù üèé‚ö°Ô∏èüîå https://t.co/puqyVGa‚Ä¶",techiealex2,2021-06-22 21:10:10,52,0,"Starbase, Texas",27
309,"RT @TeslaNY: Model S Plaid Fund (6/21/21): ‚ÄúWe‚Äôve already bought it, it‚Äôs on order, we should get it in 2 weeks.‚Äù üèé‚ö°Ô∏èüîå https://t.co/puqyVGa‚Ä¶",saar_yogev,2021-06-22 21:10:05,52,0,,2
310,"RT @BenevidesBianka: üö® COUNTDOWN: 4 DAYS TO #DUCKDAY üö®

I'm accumulating #lunes, what about you? ‚åõ

#lunes #btc #eth #crypto #doge #tesla #‚Ä¶",JoaquimJosdeOl1,2021-06-22 21:09:37,37,0,"Palmas, Tocantins, Brasil",19
311,I'm #cyborg.  Power üîãby #tesla ‚ö°‚ö°‚ö°üëΩüëΩüëΩüëΩ,JMHUSTLE,2021-06-22 21:09:09,0,1,paradise,205
312,Watch this #Tesla #ModelS Plaid race a Dodge Challenger and give it a head start https://t.co/6rEewcYHhN https://t.co/l0eEYJkQca,TheTeslaLife,2021-06-22 21:07:46,0,14,"Ontario, Canada",54423
313,RT @ShutTheFrnkDoor: Finally got a moment to put the new tag on. #IFSD #Tesla #Model3 https://t.co/v1MgeMtQQR,Filasophical,2021-06-22 21:07:25,3,0,"Florida, USA",247
314,RT @nigewillson: Tesla unveils its new supercomputer (5th most powerful in the world) to train self-driving Artificial Intelligence https:/‚Ä¶,MrLuckyClover,2021-06-22 21:06:41,25,0,"Belgrade, Serbia",214
315,RT @DiavoloMartin: #this is the way? #doge #dogecoin #ElonMusk @dogecoin @elonmusk #Tesla @Tesla #cryptocurrency #pic #picturethis https://‚Ä¶,STILL9721,2021-06-22 21:06:03,173,0,,2
316,@TheStreet #Tesla Losing Share in Every Market ...World-Wide,BiaDupin,2021-06-22 21:05:27,0,0,NY Metro,156
317,"RT @MrTommyCampbell: Just finished a 1000km road trip in my Tesla Model 3. 
Cost $11 and I had no fatigue thanks to FSD. 
Safe, nimble, fas‚Ä¶",CryptoRabbit007,2021-06-22 21:05:16,103,0,Mars,4
318,No one will ever catch up $tsla $tslaq #tesla https://t.co/Vqbm2cX018,Commuternyc,2021-06-22 21:02:49,0,0,Long Hill New Jersey,1505
319,"RT @dogecoin4tesla: Currently, 1 $DOGE = $0.194350.

At this rate, a #Tesla Model S costs:
‚Ä¢ Long Range: 411,578 ∆â
‚Ä¢ Plaid: 617,392 ∆â
‚Ä¢ Pla‚Ä¶",vidadithya,2021-06-22 21:01:55,1,0,India,780
320,2013 Tesla Model S P85+! Loved this car! ‚ù§Ô∏è‚ö°Ô∏èüì∂ $TSLA #Tesla #EV #OTA #MaximumFun https://t.co/lRbEu2d4nK,TeslaNY,2021-06-22 21:01:51,1,26,"Long Island, NY",8069
321,No one will ever catch up $tsla $tslaq #tesla https://t.co/pbDaLFrkHK,Commuternyc,2021-06-22 21:01:50,0,0,Long Hill New Jersey,1505
322,"Currently, 1 $DOGE = $0.194350.

At this rate, a #Tesla Model S costs:
‚Ä¢ Long Range: 411,578 ∆â
‚Ä¢ Plaid: 617,392 ∆â
‚Ä¢‚Ä¶ https://t.co/W9gHraBRD9",dogecoin4tesla,2021-06-22 21:01:47,1,1,The Moon,867
323,RT @RacyRubyxo: GUYS COME CHECK US OUT!! Amazing things coming  https://t.co/v1ZDXF6zxY #CUMBLAST #Tesla #sexy @CumBlastBsc https://t.co/Gn‚Ä¶,KallenMart,2021-06-22 21:01:46,5,0,,2
324,"RT @pauljamil: Just took delivery of the first Model S Plaid in Virginia. I‚Äôve owned lambos, ferraris, and mclarens, and I‚Äôve NEVER felt an‚Ä¶",Abrielleqenz,2021-06-22 21:00:39,507,0,,0
325,"RT @Businesblog5: Lucid Motors to launch 2021 Lucid Air, an electric luxury vehicle that could rival Tesla
https://t.co/Af3LCBClRE #lucidmo‚Ä¶",Teslanews10,2021-06-22 21:00:38,1,0,USA,1260
326,@cybrtrkguy We never had any problems taking our Teslas to Firestone. They have trained mechanics that only work on‚Ä¶ https://t.co/RbXdtN8DKi,IheartTesla,2021-06-22 21:00:13,0,1,,2648
327,Tesla battery fire üî• Now one will ever catch up $tsla $tslaq #tesla https://t.co/c6FMx7fwew,Commuternyc,2021-06-22 20:59:39,0,0,Long Hill New Jersey,1505
328,"#Jerome #Powell Reverse Repo $791.6BN, up from $765BN. Fast approaching $1 trillion #fed doesn‚Äôt realize their ENTI‚Ä¶ https://t.co/YnLaGdbu0p",doubleHHedgeDD,2021-06-22 20:59:35,1,2,Markets,121
329,"Thanks #doge!!  

+ 89 000 instant ! Amazing #dogecoin team !!!
.

.

.

.

$doge $shiba #bitcoin #ShibaArmy $eth‚Ä¶ https://t.co/1dk5PtZPxu",Schrottiiii,2021-06-22 20:58:57,6,9,Oachkatzerlschwoafh√ºttn,21
330,No one will ever catch up $tsla $tslaq #tesla https://t.co/R2dVlg4hzL,Commuternyc,2021-06-22 20:58:42,0,0,Long Hill New Jersey,1505
331,"RT @pauljamil: Just took delivery of the first Model S Plaid in Virginia. I‚Äôve owned lambos, ferraris, and mclarens, and I‚Äôve NEVER felt an‚Ä¶",Jaylee7bx,2021-06-22 20:58:37,507,0,,0
332,RT @TollCara: #dogecoin #DogeFamily #dogearmy #Elonmusk #Tesla #DogeFather  please sponser me     https://t.co/ElwI7F7FVk,bt27486,2021-06-22 20:58:02,1,0,London,87
333,"RT @pauljamil: Just took delivery of the first Model S Plaid in Virginia. I‚Äôve owned lambos, ferraris, and mclarens, and I‚Äôve NEVER felt an‚Ä¶",Gannony3ke,2021-06-22 20:57:23,507,0,,0
334,No one will ever catch up $tsla $tslaq #tesla https://t.co/TmbRYotBip,Commuternyc,2021-06-22 20:55:57,0,0,Long Hill New Jersey,1505
335,A glimpse of the new #Tesla #UI https://t.co/ZvC8jk7xGK #UXDesign #Interfaces https://t.co/La3kqLzlc4,macronimous,2021-06-22 20:55:04,0,0,GLOBAL,2508
336,No one will ever catch up $tsla $tslaq #tesla https://t.co/YYIw7AvvkX,Commuternyc,2021-06-22 20:54:26,0,0,Long Hill New Jersey,1505
337,@business Yes #Microsoft doing well unlike #Bitcoin. #Tesla riding the 200 day MA https://t.co/Kqd4EicP5F,futchasfu,2021-06-22 20:52:48,0,0,"Berlin, Germany",21
338,"Thanks #doge!!  

+ 90 000 instant ! Amazing #dogecoin team !!!

$doge $shiba $btc $eth #binance #coinbase #kraken‚Ä¶ https://t.co/jWOic6ABF6",7bZVP9mPpEV03YV,2021-06-22 20:52:19,0,1,,0
339,"RT @stevenmarkryan: https://t.co/TiGS6L93Ne - Tesla AI Director Gives MIND BLOWING Update On Autonomy ü§Ø

NEW

$TSLA #Tesla @Tesla https://t‚Ä¶",Jay0x55,2021-06-22 20:49:17,38,0,,3
340,"RT @TheTeslaLife: The Chipotle restaurant launches a new video game featuring #Tesla #Model3, and you could win one!  https://t.co/LXWzrW5Z‚Ä¶",TeslaHype,2021-06-22 20:48:05,2,0,Planet Earth,2943
341,RT @ugliestduck: can't wait to purchase my #tesla with the $shib I dumped after reading that toxic shit yesterday,Hyuzami_,2021-06-22 20:47:45,11,0,,91
342,RT @AlanPiquero: @Only_Atm1903 @elonmusk #Tesla  $SMOON https://t.co/9c11GVmynJ,dominajuegos,2021-06-22 20:47:07,5,0,,16
343,RT @Teslaconomics: People don‚Äôt understand FSD subscription is about to materially increase the take rate of customers utilizing FSD to hel‚Ä¶,AerialEng,2021-06-22 20:46:57,3,0,Australia,393
344,People don‚Äôt understand FSD subscription is about to materially increase the take rate of customers utilizing FSD t‚Ä¶ https://t.co/oZvykzCbQP,Teslaconomics,2021-06-22 20:46:36,3,76,Space,10975
345,RT @SandipGhose: .@EvanKirstel Not many (certainly not @elonmusk) know #SwamiVivekananda  had met Nikola #Tesla and discussed #Vedanta with‚Ä¶,nfteam3,2021-06-22 20:46:36,4,0,Spain,1259
346,"RT @JohnNosta: ""Innovation is taking us on a ride from zero to sixty in less than two seconds. Musk knows this, and leverages this emotiona‚Ä¶",DanielaJancsik,2021-06-22 20:46:03,3,0,,334
347,"RT @ClaireMusk: üö® Korean Backlash Against #Tesla's Design Defects: 
If S. Korea requires that car doors must be able to be opened in case o‚Ä¶",HShearsay,2021-06-22 20:45:36,16,0,,92
348,"RT @JohnNosta: ""Innovation is taking us on a ride from zero to sixty in less than two seconds. Musk knows this, and leverages this emotiona‚Ä¶",andrewrsorkin,2021-06-22 20:45:30,3,0,"New York, New York",884269
349,"RT @CriticalMetals_: of course #China will. And the irony is that China will replenish at higher prices1

#copper #cobalt #Africa #mining #‚Ä¶",AndrewB03365285,2021-06-22 20:45:02,2,0,Tavira Portugal,221
350,#Bitcoin is not in the #Top10 #Assets list anymore but can it stay above the market cap of #Tesla? https://t.co/vBiqRCgwbT,futchasfu,2021-06-22 20:44:52,0,1,"Berlin, Germany",21
351,RT @SandipGhose: .@EvanKirstel Not many (certainly not @elonmusk) know #SwamiVivekananda  had met Nikola #Tesla and discussed #Vedanta with‚Ä¶,EvanKirstel,2021-06-22 20:44:42,4,0,#RemoteWork #Boston ,301955
352,"RT @ClaireMusk: üö® Korean Backlash Against #Tesla's Design Defects: 
If S. Korea requires that car doors must be able to be opened in case o‚Ä¶",RussJensen5,2021-06-22 20:44:37,16,0,"Northern California, USA",3014
353,RT @nigewillson: Tesla unveils its new supercomputer (5th most powerful in the world) to train self-driving Artificial Intelligence https:/‚Ä¶,Calcaware,2021-06-22 20:43:41,25,0,"Austin, TX",8595
354,RT @nigewillson: Tesla unveils its new supercomputer (5th most powerful in the world) to train self-driving Artificial Intelligence https:/‚Ä¶,bexxmodd,2021-06-22 20:43:39,25,0,"Maryland, USA",8675
355,RT @nigewillson: Tesla unveils its new supercomputer (5th most powerful in the world) to train self-driving Artificial Intelligence https:/‚Ä¶,ruyame,2021-06-22 20:43:33,25,0,worldwide,1409
356,"The Chipotle restaurant launches a new video game featuring #Tesla #Model3, and you could win one!‚Ä¶ https://t.co/52cHe30vIr",TheTeslaLife,2021-06-22 20:43:05,2,14,"Ontario, Canada",54423
357,"RT @T_man696: #STOPELON @STOPELON_BSC 

Was so awesome to wake up this morning and see StopElon now viewable on #Coinbase, next up is June‚Ä¶",EOyXW9eCESZr6Oo,2021-06-22 20:42:54,25,0,–£–∫—Ä–∞–∏–Ω–∞,2
358,"""Create a robo-snake charger that finds the charging port in about four years. It shows our fundamental goodness.""

#Tesla $tsla $tslaq",ElonPromises,2021-06-22 20:42:01,0,1,,287
359,RT @joebelt33633118: #ElonMusk ; it‚Äôs ok go ahead and say ‚Äúif you got it we will take it ‚Äú all crypto currency is accepted at #tesla your n‚Ä¶,Francoi82274658,2021-06-22 20:41:47,6,0,"Clearwater, FL",446
360,RT @marcarza: And this is how @elonmusk created #Tesla! https://t.co/pC7bTZrmvc,JoanComasVila,2021-06-22 20:41:13,1,0,,117
361,Current #Tesla Price: $623.18 üìâ ‚ö°üöóüîã,TeslaHourly,2021-06-22 20:40:59,0,0,,0
362,#tesla will have to report a siginificant impairment loss if the price stays at or even drops below 30k. #bitcoin‚Ä¶ https://t.co/UPjWHGf2XS,RiskIndemnity,2021-06-22 20:40:55,0,6,,1056
363,RT @JohnNosta: Elon Musk‚Äôs Wonder and Fear: The Duality of Innovation.  https://t.co/BEGjvKSGvJ #Tesla #innovation #technology @elonmusk  #‚Ä¶,ruyame,2021-06-22 20:40:54,49,0,worldwide,1409
364,"RT @pauljamil: Just took delivery of the first Model S Plaid in Virginia. I‚Äôve owned lambos, ferraris, and mclarens, and I‚Äôve NEVER felt an‚Ä¶",AlexBoudroniko1,2021-06-22 20:40:46,507,0,,35
365,"Lucid Motors to launch 2021 Lucid Air, an electric luxury vehicle that could rival Tesla
https://t.co/Af3LCBClRE‚Ä¶ https://t.co/qb6yBm3uOV",Businesblog5,2021-06-22 20:40:40,1,2,United States,1251
366,"RT @GILSONA81449910: DEAR
@elonmusk
 
@SpaceX

I CALL ME GILSON AND I HAVE IDEAS OF THINGS THAT WILL UPGRADE 

@Tesla

  AND STARSHIP PROJE‚Ä¶",TeticP4,2021-06-22 20:39:53,1,0,,17
367,RT @JohnNosta: Elon Musk‚Äôs Wonder and Fear: The Duality of Innovation.  https://t.co/BEGjvKSGvJ #Tesla #innovation #technology @elonmusk  #‚Ä¶,enriquen,2021-06-22 20:39:35,49,0,Mexico City üåÉ,1984
368,"@SpaceX @elonmusk @Tesla

Hello Mr. Musk, 

is it somehow possible to come into contact with you? Because I have an‚Ä¶ https://t.co/P6laQ3Alrj",ZORIN48106285,2021-06-22 20:39:29,0,1,,1
369,"#Tesla Ditches Radar For Autopilot, Adding More Cameras For North American Models 3 And Y. (Forbes) #AV‚Ä¶ https://t.co/C7KKcmy2jf",jamesvgingerich,2021-06-22 20:39:00,0,1,"Waterloo, Ontario Canada",60295
370,"RT @TeslaNY: Model S Plaid Fund (6/21/21): ‚ÄúWe‚Äôve already bought it, it‚Äôs on order, we should get it in 2 weeks.‚Äù üèé‚ö°Ô∏èüîå https://t.co/puqyVGa‚Ä¶",Tmani63565073,2021-06-22 20:38:37,52,0,,498
371,RT @SandipGhose: .@EvanKirstel Not many (certainly not @elonmusk) know #SwamiVivekananda  had met Nikola #Tesla and discussed #Vedanta with‚Ä¶,JhajiYo,2021-06-22 20:38:32,4,0,ORN,230
372,"RT @TeslaNY: Model S Plaid Fund (6/21/21): ‚ÄúWe‚Äôve already bought it, it‚Äôs on order, we should get it in 2 weeks.‚Äù üèé‚ö°Ô∏èüîå https://t.co/puqyVGa‚Ä¶",Inelonwetrust__,2021-06-22 20:36:48,52,0,Earth and 1 day Mars,4893
373,"RT @stevenmarkryan: https://t.co/TiGS6L93Ne - Tesla AI Director Gives MIND BLOWING Update On Autonomy ü§Ø

NEW

$TSLA #Tesla @Tesla https://t‚Ä¶",ikerot,2021-06-22 20:35:59,38,0,"Michigan, USA",1301
374,"RT @pauljamil: Just took delivery of the first Model S Plaid in Virginia. I‚Äôve owned lambos, ferraris, and mclarens, and I‚Äôve NEVER felt an‚Ä¶",MasiaTarazona,2021-06-22 20:35:42,507,0,,205
375,RT @joebelt33633118: #ElonMusk ; it‚Äôs ok go ahead and say ‚Äúif you got it we will take it ‚Äú all crypto currency is accepted at #tesla your n‚Ä¶,joebelt33633118,2021-06-22 20:34:52,6,0,"Ft Worth Tx, Refugio Tx",350
376,"RT @Akkamusic_prod: Tesla New clip out NOW prod by meüåãüî•

ü§ü : @svg4real @mura_off @tesla

Dispo en entier sur youtube : https://t.co/VYuEQzp‚Ä¶",Akkamusic_prod,2021-06-22 20:34:15,3,0,,47
377,@ILoveEurope8 I would love to have breakfast with #DavidAttenborough. But I admire and respect #Tesla too.,pusztaijanos279,2021-06-22 20:34:03,0,1,Europe üá™üá∫,2461
378,"RT @Businesblog5: Tesla Artificial Intelligence Day to take place in about a month, Elon Musk says
https://t.co/56GSBmOlAJ #Tesla  #TSLA #E‚Ä¶",DanielaJancsik,2021-06-22 20:33:34,3,0,,334
379,RT @max5494: @Only_Atm1903 Tesla of course #ElonMusk #Tesla,Mordep2,2021-06-22 20:33:08,6,0,,29
380,RT @alvinfoo: Dubai Airport full of #Tesla https://t.co/EHsJOhIZv3,Obed30,2021-06-22 20:31:57,47,0,,119
381,I have the feeling that Elon Musk will soon say that #tesla is going to accept #bitcoin again using narrative that‚Ä¶ https://t.co/NJb7vprQAe,mqmtech,2021-06-22 20:31:34,0,0,"Barcelona, Espa√±a",99
382,"RT @pauljamil: Just took delivery of the first Model S Plaid in Virginia. I‚Äôve owned lambos, ferraris, and mclarens, and I‚Äôve NEVER felt an‚Ä¶",ShmoneyShmanan,2021-06-22 20:30:12,507,0,,1053
383,"$TSLA winnings of initial #BTC investmentüôå

$-88571957 (-6.56 %) (Realized: 272 M)
(Estimating an average buy price‚Ä¶ https://t.co/YwRyYlarbI",MBrae3,2021-06-22 20:30:05,0,0,,1263
384,RT @JohnNosta: Elon Musk‚Äôs Wonder and Fear: The Duality of Innovation.  https://t.co/BEGjvKSGvJ #Tesla #innovation #technology @elonmusk  #‚Ä¶,elonfantommy,2021-06-22 20:29:36,49,0,,605
385,RT @ClaireMusk: Tesla EU absolute numbers and market share *both* down from 2019. #Tesla market share is getting eaten up by VW &amp; Stellanti‚Ä¶,agusnox,2021-06-22 20:29:17,4,0,Not investment advice,1507
386,Volvo announces new 50 GWh battery gigafactory in Europe in partnership with Northvolt #tesla #eCar https://t.co/CxFb32R50P,Jeff1601,2021-06-22 20:28:43,0,0,Germany - Leipzig,121
387,RT @JohnNosta: Elon Musk‚Äôs Wonder and Fear: The Duality of Innovation.  https://t.co/BEGjvKSGvJ #Tesla #innovation #technology @elonmusk  #‚Ä¶,CryptoRick001,2021-06-22 20:28:25,49,0,Worldwide,68
388,"Been driving a Model X for a few days and what a horrible car. 
Ungodly mix of digital and analog design. It's unco‚Ä¶ https://t.co/fFzFHWWC7e",StphnFCB,2021-06-22 20:27:24,0,0,,375
389,RT @DiavoloMartin: #this is the way? #doge #dogecoin #ElonMusk @dogecoin @elonmusk #Tesla @Tesla #cryptocurrency #pic #picturethis https://‚Ä¶,euclygear2021,2021-06-22 20:22:47,173,0,,1
390,RT @JohnNosta: Elon Musk‚Äôs Wonder and Fear: The Duality of Innovation.  https://t.co/BEGjvKSGvJ #Tesla #innovation #technology @elonmusk  #‚Ä¶,oanandu,2021-06-22 20:22:38,49,0,"Vancouver, British Columbia",480
391,"As a @Tesla shareholder, I am with @wk057 here.
Stop those dick moves #Tesla https://t.co/S5vtIAUSCi",SwissTeslaphile,2021-06-22 20:21:53,0,2,Tesla Model S,715
392,"RT @stevenmarkryan: https://t.co/TiGS6L93Ne - Tesla AI Director Gives MIND BLOWING Update On Autonomy ü§Ø

NEW

$TSLA #Tesla @Tesla https://t‚Ä¶",LeventePeres,2021-06-22 20:20:05,38,0,4W79+CP Demecser,44
393,"Confrontation: the beginning.
Starring: @elonmusk, @dogecoin, @VitalikButerin, @ethereum, @Bitcoin and others.
The‚Ä¶ https://t.co/6p1OjRuTSr",qilipqop,2021-06-22 20:19:37,4,4,,13
394,This 450-hp electric Lotus Evora is powered by #tesla and Chevrolet. #Autonews https://t.co/8DrDgYdhxs https://t.co/DckhbuatLR,DonnaldRachel,2021-06-22 20:18:34,0,0,"Virginia, USA",5095
395,"RT @DIEBO37: Tesla Shows Off Its Brand New AI-Training Supercomputer
#Tesla #AI #ArtificialIntelligence #SuperComputer #ùíüùíæùëíùí∑ùí™37 
https://t.‚Ä¶",papriddey,2021-06-22 20:18:23,35,0,,35999
396,"RT @pauljamil: Just took delivery of the first Model S Plaid in Virginia. I‚Äôve owned lambos, ferraris, and mclarens, and I‚Äôve NEVER felt an‚Ä¶",tommy_thread,2021-06-22 20:17:16,507,0,Stockholm,113
397,"@elonmusk Mr. Elon, you will definitely hear me one day, you will see me even if you ignore it.#Elonmusk #tesla #ShibaSwap #Holochain  #win",sabret_34,2021-06-22 20:16:33,0,0,,30
398,"@mtcbtc @saifedean What you gonna do @elonmusk ?
ü§£ü§£ü§£ü§£ü§£ü§£ü§£

Charging a #Tesla using a gasoline generator in the road!‚Ä¶ https://t.co/avXe7SF1Hf",dolomiteHEX,2021-06-22 20:16:22,0,1,"California, US",949
399,@seeking_peace_7 Yup. That's what piqued my interest. It a reference from #Spaceballs obviously but Elon used it a‚Ä¶ https://t.co/tbcHmwzyvw,SafeMoon_Chris,2021-06-22 20:15:35,0,1,,75
400,It's Tesla Tuesday! Thinking about a Tesla? Ask me about mine! Use my link for 1000 supercharger miles on your Tesl‚Ä¶ https://t.co/qmBWXeAAaL,CyberMonday,2021-06-22 20:15:03,0,0,USA,7958
401,"RT @AlexWitzleben: Tesla is launching 'Tesla Energy' in China, including Powerwall and solar https://t.co/mvc1GTJ1ZL via @FredericLambert #‚Ä¶",CrowStu,2021-06-22 20:14:38,2,0,"Brisbane, Australia",2284
402,"RT @TeslaNY: Model S Plaid Fund (6/21/21): ‚ÄúWe‚Äôve already bought it, it‚Äôs on order, we should get it in 2 weeks.‚Äù üèé‚ö°Ô∏èüîå https://t.co/puqyVGa‚Ä¶",M82Real,2021-06-22 20:14:21,52,0,"D√ºsseldorf, Deutschland",9
403,"RT @TeslafanArmy: Next token burning event!

Teslafan has already burned 700 000 tokens since the ICO. üî•

They will keep burning tokens as‚Ä¶",godfrey_G_,2021-06-22 20:13:22,0,0,"Johannesburg, South Africa",2425
404,"RT @Paula_Piccard: #Tesla unveils its new supercomputer (5th most powerful in the world) to train self-driving AI

https://t.co/SWM4jo35EC‚Ä¶",aProgrammerBot,2021-06-22 20:13:18,41,0,,1045
405,"RT @DollarMUSKateer: One quintillion (1018) floating-point operations per second, or 1,000 petaFLOPS.  This will be #tesla super computer #‚Ä¶",CasabonMatt,2021-06-22 20:13:16,2,0,,64
406,"RT @DogePromise: This article was written Dec 2000

@elonmusk co founded https://t.co/sPDRxZnxKw (online bank) Nov 2019. He saw where inter‚Ä¶",godfrey_G_,2021-06-22 20:13:13,1,0,"Johannesburg, South Africa",2425
407,"RT @Paula_Piccard: #Tesla unveils its new supercomputer (5th most powerful in the world) to train self-driving AI

https://t.co/SWM4jo35EC‚Ä¶",cameliaclement,2021-06-22 20:13:12,41,0,server,823
408,"RT @Paula_Piccard: #Tesla unveils its new supercomputer (5th most powerful in the world) to train self-driving AI

https://t.co/SWM4jo35EC‚Ä¶",hubofml,2021-06-22 20:13:02,41,0,Germany ,8543
409,"RT @Paula_Piccard: #Tesla unveils its new supercomputer (5th most powerful in the world) to train self-driving AI

https://t.co/SWM4jo35EC‚Ä¶",cybersec_feeds,2021-06-22 20:12:27,41,0,Internet,16691
410,"RT @TeslaNY: Model S Plaid Fund (6/21/21): ‚ÄúWe‚Äôve already bought it, it‚Äôs on order, we should get it in 2 weeks.‚Äù üèé‚ö°Ô∏èüîå https://t.co/puqyVGa‚Ä¶",Camilleyear3000,2021-06-22 20:12:17,52,0,,8
411,"RT @shaikhmois1322: What about #doge #shiba @elonmusk @NischalShetty. 
Waiting for your reply.(32)
 #Dogecoinarmy #DogecoinRise #cryptos #b‚Ä¶",godfrey_G_,2021-06-22 20:12:15,1,0,"Johannesburg, South Africa",2425
412,"RT @DollarMUSKateer: One quintillion (1018) floating-point operations per second, or 1,000 petaFLOPS.  This will be #tesla super computer #‚Ä¶",BotOfDogecoin,2021-06-22 20:11:15,2,0,the moon,57672
413,"One quintillion (1018) floating-point operations per second, or 1,000 petaFLOPS.  This will be #tesla super compute‚Ä¶ https://t.co/xW5VBuyt2t",DollarMUSKateer,2021-06-22 20:10:43,2,9,United States,24
414,"RT @pauljamil: Just took delivery of the first Model S Plaid in Virginia. I‚Äôve owned lambos, ferraris, and mclarens, and I‚Äôve NEVER felt an‚Ä¶",Janabi300,2021-06-22 20:10:06,507,0,,36
415,RT @JohnNosta: Elon Musk‚Äôs Wonder and Fear: The Duality of Innovation.  https://t.co/BEGjvKSGvJ #Tesla #innovation #technology @elonmusk  #‚Ä¶,Techgnostik,2021-06-22 20:09:36,49,0,Colorado,1198
416,RT @DiavoloMartin: #this is the way? #doge #dogecoin #ElonMusk @dogecoin @elonmusk #Tesla @Tesla #cryptocurrency #pic #picturethis https://‚Ä¶,qV0x0gN4UHZuSGN,2021-06-22 20:09:12,173,0,"–¢–∞–º–±–æ–≤, –†–æ—Å—Å–∏—è",1
417,"I got a message today. It‚Äôs new #Tesla day for me again this week. 

It‚Äôs been only a week or two since I sold my l‚Ä¶ https://t.co/2nGzqYXXe1",HejM0,2021-06-22 20:08:51,0,4,Hamburg ‚öìÔ∏è,656
418,"RT @Eifeljunge81: @elonmusk  

This is McGregor - He just scored a goal for Scottland‚Ä¶ 
My wife sayd: Heeeey, he looks like that Tesla-Guy‚Ä¶",godfrey_G_,2021-06-22 20:08:21,2,0,"Johannesburg, South Africa",2425
419,"RT @JohnNosta: ""Innovation is taking us on a ride from zero to sixty in less than two seconds. Musk knows this, and leverages this emotiona‚Ä¶",godfrey_G_,2021-06-22 20:08:13,3,0,"Johannesburg, South Africa",2425
420,"@jpr007 @gwestr #Tesla and the #VW Group will first sell one million, then two million, then four million, then 8 m‚Ä¶ https://t.co/0sJddIOTz3",ClausAbleiter,2021-06-22 20:08:12,0,0,Speyer,82
421,"@garyblack00 3 days until FSD v9 and subscriptions. Will we get a button too? ü§£ #Tesla $TSLAQ $TSLA 
https://t.co/SWmbPSZITV",majnameismaja,2021-06-22 20:08:11,0,0,,55
422,"RT @catgecoinoff: Is #Tesla's logo inspired by a cat, @elonmusk?

#catgecoin #catgevsdoge #dogecoin #doge #elonmusk #charity #charitytoken‚Ä¶",ThePrince_22_,2021-06-22 20:06:02,187,0,,1
423,"RT @stevenmarkryan: https://t.co/TiGS6L93Ne - Tesla AI Director Gives MIND BLOWING Update On Autonomy ü§Ø

NEW

$TSLA #Tesla @Tesla https://t‚Ä¶",busuulwa_mark,2021-06-22 20:05:27,38,0,,846
424,"RT @jameswoudhuysen: Cut your #carbonfootprint. Fix your #behaviour. Cave to #parkingenforcement. Offer carrots, rhetoric vs the rich; deli‚Ä¶",Richard16022464,2021-06-22 20:05:13,6,0,,95
425,If the Dukes of Hazzard drove a Tesla would their jumps land the same? @elonmusk #tesla,DarrenDickey,2021-06-22 20:05:03,0,0,"Vancouver, Canada",2297
426,RT @tim_zaman: At #Tesla  Autopilot we are bringing up our 3rd cluster - one of the biggest supercomputers in the world. We're scaling fast‚Ä¶,uncristianr,2021-06-22 20:04:36,429,0,BOGOTA,160
427,RT @tim_zaman: At #Tesla  Autopilot we are bringing up our 3rd cluster - one of the biggest supercomputers in the world. We're scaling fast‚Ä¶,WRGerman,2021-06-22 20:04:30,429,0,Earth,1036
428,"We live in changing times like no other
https://t.co/r3twqTR4no
#AI #ArtificialIntelligence #Bitcoin‚Ä¶ https://t.co/ZdtVrIMOcm",NotTheNoobs,2021-06-22 20:04:29,0,0,UK,2083
429,RT @ShutTheFrnkDoor: Finally got a moment to put the new tag on. #IFSD #Tesla #Model3 https://t.co/v1MgeMtQQR,JeremySchieber,2021-06-22 20:03:24,3,0,Us,960
430,"RT @AustinTeslaClub: Welcome to Giga Texas!! üëã
New arrival spotted this morning by Quad Squad member @JoeTegtmeyer 
It‚Äôs a bridge crane hea‚Ä¶",joelmcninch,2021-06-22 20:02:27,24,0,"AUSTIN, TEXAS",3225
431,Going on my first drive. #fsd #tesla https://t.co/lr5IAFrP19,4_theloveoftech,2021-06-22 20:02:12,0,4,"Florida, USA",3224
432,"""Innovation is taking us on a ride from zero to sixty in less than two seconds. Musk knows this, and leverages this‚Ä¶ https://t.co/fyHVSnp9UJ",JohnNosta,2021-06-22 20:02:06,3,8,07945,66398
433,"You would like to be friends with Elon musk but does he want to be friends with you ???
 You are not the only son o‚Ä¶ https://t.co/FoXuXoaPwG",GOndzongo,2021-06-22 20:02:01,0,1,,21
434,"Currently, 1 $DOGE = $0.189190.

At this rate, a #Tesla Model 3 costs:
‚Ä¢ Standard Range Plus: 195,518 ∆â
‚Ä¢ Long Rang‚Ä¶ https://t.co/Z2MIx0Vboj",dogecoin4tesla,2021-06-22 20:01:46,0,0,The Moon,867
435,USDT Ponzi Scheme FINAL WARNING To EXIT Before Tether Collapses Crypto Exchange Markets https://t.co/qUvk0gjjVF‚Ä¶ https://t.co/nFzQ3zUrYt,farmer_student,2021-06-22 20:01:13,0,0,Canada,198
436,"RT @jameswoudhuysen: Cut your #carbonfootprint. Fix your #behaviour. Cave to #parkingenforcement. Offer carrots, rhetoric vs the rich; deli‚Ä¶",2still_learning,2021-06-22 20:00:58,6,0,,206
437,"RT @TNR_Gold: ""Chinese Mining Company Ganfeng #Lithium To Invest US$600 Million In #Argentina""

#TNRGoldüîã $TNR.v Lithium Royalty Holding: #‚Ä¶",CrowStu,2021-06-22 20:00:22,2,0,"Brisbane, Australia",2284
438,Future incoming. Starting with a range of 30 nautical miles (55km) and 7Wh battery capacity (~ 100 #Tesla Model 3s‚Ä¶ https://t.co/lScfq5KePr,Lukaesch,2021-06-22 20:00:16,0,1,Deutschland,117
439,"of course #China will. And the irony is that China will replenish at higher prices1

#copper #cobalt #Africa‚Ä¶ https://t.co/z9XTP2CyoX",CriticalMetals_,2021-06-22 19:59:42,2,9,"London, England. ",877
440,@squawksquare #tesla in ball mode https://t.co/FxS7kshyAp,Crizzbee,2021-06-22 19:59:21,0,0,beyond the stars,42
441,RT @ShutTheFrnkDoor: Finally got a moment to put the new tag on. #IFSD #Tesla #Model3 https://t.co/v1MgeMtQQR,StephanieLinae,2021-06-22 19:59:04,3,0,United States,2404
442,"RT @Eifeljunge81: @elonmusk  

This is McGregor - He just scored a goal for Scottland‚Ä¶ 
My wife sayd: Heeeey, he looks like that Tesla-Guy‚Ä¶",baggercoin,2021-06-22 19:58:54,2,0,Germany üá©üá™,3
443,RT @JohnNosta: Elon Musk‚Äôs Wonder and Fear: The Duality of Innovation.  https://t.co/BEGjvKSGvJ #Tesla #innovation #technology @elonmusk  #‚Ä¶,treasadovander,2021-06-22 19:58:25,49,0,Sweden / Irish at heart ,9293
444,"RT @AstrolightMedia: The Tesla Coil: Making Electricity Jump 
https://t.co/r6KckTrXBH 

#tesla #ElectricVehicle #wirelessenergy",RuleXRP,2021-06-22 19:57:39,1,0,"SE Texas, USA",68796
445,@elonmusk I want to buy #Tesla car through #dogecoin,akthapur1986,2021-06-22 19:56:20,0,0,,50
446,RT @globaltimesnews: One of #Tesla's subsidiaries in China was found guilty of deliberately concealing car details to a customer in E China‚Ä¶,investwithBSF,2021-06-22 19:56:17,18,0,,513
447,"RT @pauljamil: Just took delivery of the first Model S Plaid in Virginia. I‚Äôve owned lambos, ferraris, and mclarens, and I‚Äôve NEVER felt an‚Ä¶",jonno_3011,2021-06-22 19:56:01,507,0,"Rhodesia, England",83
448,"#TNRGoldüîã $TNR.v Lithium Royalty Holding: #Ganfeng Increases Stake In #MarianaLithium Closer To 100% - ""Chinese Min‚Ä¶ https://t.co/xitEHr888i",TNR_Gold,2021-06-22 19:54:48,1,2,"Vancouver, BC (TSX.V: TNR)",3752
449,"RT @socialstartnow1: $BTHR Sports Venues is Changing name to GGToor, Inc. 
https://t.co/ydtcxqVByo 
 #wsj #nytimes #business #reuters #IHub‚Ä¶",WarnerRobins5,2021-06-22 19:54:45,4,0,,93
450,"RT @socialnowpr: $BTHR Releases Management Report for the Week Ended May 29, 2021https://on.mktw.net/3icy8bE 
 #wsj #nytimes #business #reu‚Ä¶",WarnerRobins5,2021-06-22 19:54:41,4,0,,93
451,"@elonmusk  

This is McGregor - He just scored a goal for Scottland‚Ä¶ 
My wife sayd: Heeeey, he looks like that Tesl‚Ä¶ https://t.co/urv0PFDyUe",Eifeljunge81,2021-06-22 19:54:33,2,1,,12
452,"RT @BenevidesBianka: üö® COUNTDOWN: 4 DAYS TO #DUCKDAY üö®

I'm accumulating #lunes, what about you? ‚åõ

#lunes #btc #eth #crypto #doge #tesla #‚Ä¶",nft_artist1,2021-06-22 19:50:40,37,0,,2844
453,"RT @BenevidesBianka: üö® COUNTDOWN: 4 DAYS TO #DUCKDAY üö®

I'm accumulating #lunes, what about you? ‚åõ

#lunes #btc #eth #crypto #doge #tesla #‚Ä¶",rodrigodantasJs,2021-06-22 19:50:34,37,0,espaco,413
454,RT @JohnNosta: Elon Musk‚Äôs Wonder and Fear: The Duality of Innovation.  https://t.co/BEGjvKSGvJ #Tesla #innovation #technology @elonmusk  #‚Ä¶,akalali,2021-06-22 19:48:12,49,0,Global,3025
455,This is all I see today!! It feels like I‚Äôm taking crazy pills!! #Tesla #DogecoinIsAWinner #Paytience https://t.co/77vu5rsWEU,Sandy04651889,2021-06-22 19:47:21,0,0,Los √Ångeles ,6
456,"@bgrahamdisciple @BradMunchen oh it will change to nano size, @elonmusk company is a fraud Valuation is all a finan‚Ä¶ https://t.co/aZw2r53rgX",CapitalPrivate1,2021-06-22 19:47:08,0,0,Coral Gables,1368
457,"RT @dubaisend: $CLSH Achieves Substantial Year-Over-Year Results for May 2021 https://t.co/lTEnTIeneV 
#LasVagas #cannabis #marijuana #CBD‚Ä¶",WarnerRobins5,2021-06-22 19:46:00,4,0,,93
458,"RT @dubaisend: $CLSH PR Page https://t.co/Q3baYQN7Zl  
#LasVagas #cannabis #marijuana #CBD #wsj #nytimes #business #reuters #IHub_StockPost‚Ä¶",WarnerRobins5,2021-06-22 19:45:53,5,0,,93
459,"RT @medianycity: $CLSH Achieves Substantial Year-Over-Year Results for May https://t.co/YJdZRikmVh 
#LasVagas #cannabis #marijuana #CBD #ws‚Ä¶",WarnerRobins5,2021-06-22 19:45:10,6,0,,93
460,Going to sell all my Bitcoin and spend my money on a new Tesla‚Ä¶‚Ä¶ #Bitcoin #tesla #crypto #money #Ethereum,Adrian81539254,2021-06-22 19:43:54,0,0,,8
461,MicroStrategy and #Tesla may have hit headlines more than any other firm in the recent past as far as #Bitcoin and‚Ä¶ https://t.co/Kxq6p7q9no,Crypto_Chic_,2021-06-22 19:43:06,0,0,Decentralized,116
462,Current #Tesla Price: $627.14 üìà ‚ö°üöóüîã,TeslaHourly,2021-06-22 19:41:02,0,0,,0
463,Popped another #EV charger on the wall - 7kW @andersen_ev in ‚ÄúSteel‚Äù with 8.5m tethered cable (tucks away nicely in‚Ä¶ https://t.co/ox7WnYLsoL,darrencrannis,2021-06-22 19:40:37,0,2,Swindon,2454
464,Airspeeder‚Äôs Electric Flying Racing Car Takes Maiden Flight https://t.co/DALdrLQhWq #Tesla #EV #ClimateChange #Renewables #RenewableEnergy,Zxcxz_xyz,2021-06-22 19:40:28,0,0,,152
465,"RT @ClaireMusk: üö® Korean Backlash Against #Tesla's Design Defects: 
If S. Korea requires that car doors must be able to be opened in case o‚Ä¶",StopThatMadness,2021-06-22 19:40:08,16,0,,139
466,"RT @pauljamil: Just took delivery of the first Model S Plaid in Virginia. I‚Äôve owned lambos, ferraris, and mclarens, and I‚Äôve NEVER felt an‚Ä¶",AbbasAk16330796,2021-06-22 19:39:38,507,0,,22
467,"RT @Stephan9015: My list of new and upcoming #BEV (pure battery electric) vehicle models has now hit 500 and it will grow further. #EV, #VW‚Ä¶",MotionEorg,2021-06-22 19:39:27,18,0,,649
468,When crypto bounce but tesla‚Äôs already closed‚Ä¶ #Bitcoin #BitcoinCrash #cryptocurrencies #tesla https://t.co/JY0WTk85U8,carloahri,2021-06-22 19:39:21,0,2,"Palermo, Sicilia",99
469,"RT @pauljamil: Just took delivery of the first Model S Plaid in Virginia. I‚Äôve owned lambos, ferraris, and mclarens, and I‚Äôve NEVER felt an‚Ä¶",MattsterT3,2021-06-22 19:38:48,507,0,,193
470,And this is how @elonmusk created #Tesla! https://t.co/pC7bTZrmvc,marcarza,2021-06-22 19:38:15,1,1,Reus. Catalunya. Europa. ,7946
471,"Thanks #doge!!  

+ 19 000 instant ! Amazing #dogecoin team !!!
.
.
.
.
.
.
.
.
.
.
.

$doge $shiba $btc $eth‚Ä¶ https://t.co/PbanTW84lF",hive_peach,2021-06-22 19:38:08,0,3,,1
472,"RT @SurajCh4248417: Elon Musk loses world's 2nd richest ranking as Tesla goes down !

Check it out - https://t.co/FADG40rakp
#Elon 
#ElonMu‚Ä¶",SurajCh4248417,2021-06-22 19:37:13,6,0,"Mumbai, India",31
473,"RT @SurajCh4248417: A Malian women gives birth to 9 babies !

Check it out - https://t.co/E3P9hLPnCm
#PMNarendraModi 
#vaccine 
#VaccineFor‚Ä¶",SurajCh4248417,2021-06-22 19:36:36,5,0,"Mumbai, India",31
474,"Bye Felicia!! üçÜ #Tesla is old news, much better options available at this point and with each new day. $tslaq $tsla‚Ä¶ https://t.co/iLfMA8OTWp",FuckTsla,2021-06-22 19:36:35,0,0,Mars,32
475,RT @nigewillson: Tesla unveils its new supercomputer (5th most powerful in the world) to train self-driving Artificial Intelligence https:/‚Ä¶,ZorynaODonnell,2021-06-22 19:36:18,25,0,"Isle of Wight, United Kingdom",3411
476,"RT @pauljamil: Just took delivery of the first Model S Plaid in Virginia. I‚Äôve owned lambos, ferraris, and mclarens, and I‚Äôve NEVER felt an‚Ä¶",schulzzy,2021-06-22 19:35:32,507,0,Montana,879
477,RT @nigewillson: Tesla unveils its new supercomputer (5th most powerful in the world) to train self-driving Artificial Intelligence https:/‚Ä¶,dariomasiero,2021-06-22 19:34:41,25,0,Ms3,365
478,"Making the best from my time of waiting. Tesla Oakville Service- Top notch! ü•≥üîãüîåüî¥ Thank you for the relaxing time, I‚Ä¶ https://t.co/NqBuLgMYud",Nessy_Alberto,2021-06-22 19:33:53,0,0,Canada,470
479,"#NicholasTesla a Visionary, humanist, philosopher, prophet. Much has been written and said from time to time about‚Ä¶ https://t.co/fLSITDLfsE",ZouvelosGeorge,2021-06-22 19:33:31,0,1,"New York City, U.S.A.",6431
480,RT @JohnNosta: Elon Musk‚Äôs Wonder and Fear: The Duality of Innovation.  https://t.co/BEGjvKSGvJ #Tesla #innovation #technology @elonmusk  #‚Ä¶,tommolog,2021-06-22 19:33:24,49,0,Northern New Jersey,2850
481,RT @dubaisend: $KULR Posted UPLIST TO NYSE AMERICAN EXCHANGE https://t.co/ukCan4EwPq #wsj #nytimes #business #reuters #IHub_StockPosts #for‚Ä¶,JasonHo02236225,2021-06-22 19:33:21,2,0,,93
482,"RT @Valusocial: $KULR Shareholder call https://t.co/elEP4kOjC4 
#wsj #nytimes #business #reuters #IHub_StockPosts #forbes #marketwatch #cnn‚Ä¶",JasonHo02236225,2021-06-22 19:33:05,4,0,,93
483,RT @JohnNosta: Elon Musk‚Äôs Wonder and Fear: The Duality of Innovation.  https://t.co/BEGjvKSGvJ #Tesla #innovation #technology @elonmusk  #‚Ä¶,roncohenshair,2021-06-22 19:32:56,49,0,"Ardsley, NY",2943
484,RT @ClaireMusk: Tesla EU absolute numbers and market share *both* down from 2019. #Tesla market share is getting eaten up by VW &amp; Stellanti‚Ä¶,JonBryant421,2021-06-22 19:32:41,4,0,,727
485,RT @JohnNosta: Elon Musk‚Äôs Wonder and Fear: The Duality of Innovation.  https://t.co/BEGjvKSGvJ #Tesla #innovation #technology @elonmusk  #‚Ä¶,AzurFlorian,2021-06-22 19:32:38,49,0,"Marseille, France",6063
486,RT @socialnowpr: $KULR Issued Special Permit from the U.S. Department of Transportation Authorizing Transport of Lithium-Ion and Metal Batt‚Ä¶,JasonHo02236225,2021-06-22 19:32:32,3,0,,93
487,"RT @socialstartnow1: $KULR On WSJ KULR Tech Gets Government Permit for Lithium-Battery Packaging https://t.co/8duhP40XAW 
#wsj #nytimes #bu‚Ä¶",JasonHo02236225,2021-06-22 19:32:27,4,0,,93
488,"RT @socialstartnow1: $KULR CEO, Michael Mo, will be popping in to discuss the recent #NYSE uplist and upcoming happenings. https://t.co/eWq‚Ä¶",JasonHo02236225,2021-06-22 19:32:09,2,0,,93
489,"RT @KonstantinKlip: #EU serves as a pioneer continent for global #electrification, so the success of Tesla's competitors within this market‚Ä¶",gezgintrk,2021-06-22 19:32:06,34,0,Turkey / ƒ∞stanbul,12141
490,RT @dubaisend: $KULR Press UPLIST TO NYSE AMERICAN EXCHANGE https://t.co/ukCan4EwPq #wsj #nytimes #business #reuters #IHub_StockPosts #forb‚Ä¶,JasonHo02236225,2021-06-22 19:31:56,2,0,,93
491,"What can we EXPECT from TESLA AI DAY... ?? watch this to find out ü§©

https://t.co/o7vNtb9A8i

#tesla #TSLA #AIDay https://t.co/FM5yL20d1t",myCLUB2022,2021-06-22 19:31:54,0,1,,23
492,"RT @MrTommyCampbell: Just finished a 1000km road trip in my Tesla Model 3. 
Cost $11 and I had no fatigue thanks to FSD. 
Safe, nimble, fas‚Ä¶",roadie24yt,2021-06-22 19:31:47,103,0,"Straubing, Deutschland",119
493,"RT @investorNPress: $KULR Press Shareholder call https://t.co/hm2h0QhtNf 
#wsj #nytimes #business #reuters #IHub_StockPosts #forbes #market‚Ä¶",JasonHo02236225,2021-06-22 19:31:42,2,0,,93
494,RT @whatisee14: $KULR Now UPLIST TO NYSE AMERICAN EXCHANGE https://t.co/5yJrtTrkUu #wsj #nytimes #business #reuters #IHub_StockPosts #forbe‚Ä¶,JasonHo02236225,2021-06-22 19:31:36,2,0,,93
495,RT @medianycity: $KULR News UPLIST TO NYSE AMERICAN EXCHANGE https://t.co/8zGDP7JNDs #wsj #nytimes #business #reuters #IHub_StockPosts #for‚Ä¶,JasonHo02236225,2021-06-22 19:31:33,1,0,,93
496,RT @socialstartnow1: $KULR Here‚Äôs Why KULR Technology Group‚Äôs Revenues Will Continue To Soar; The 439% Growth In Q1 Builds Wall Of Momentum‚Ä¶,BillyBadBirrd,2021-06-22 19:31:20,3,0,Wall street,2210
497,RT @socialstartnow1: $KULR Here‚Äôs Why KULR Technology Group‚Äôs Revenues Will Continue To Soar; The 439% Growth In Q1 Builds Wall Of Momentum‚Ä¶,BullshornF,2021-06-22 19:31:15,3,0,"New York, USA",513
498,"RT @investorNPress: $KULR KULR Tech Gets Government Permit for Lithium-Battery Packaging https://t.co/VIlZHYtWWd 
#wsj #nytimes #business #‚Ä¶",JasonHo02236225,2021-06-22 19:31:12,1,0,,93
499,RT @socialstartnow1: $KULR Stock Surges 61% YTD; Special Permit News Shows It‚Äôs Battery Safety Solutions Can Be an Industry Game-Changerhtt‚Ä¶,JasonHo02236225,2021-06-22 19:30:50,1,0,,93
